"inspection_month","inspection_type","total_inspections","failures","fail_rate_pct"
"2013-08","Recent Inspection",2,0,0.00
"2011-03","Short Form Fire-Complaint",3,1,33.33
"2018-11","Recent Inspection",5,1,20.00
"2011-07","Tag Removal",33,2,6.06
"2010-07","Short Form Complaint",90,11,12.22
"2025-08","License Re-Inspection",45,3,6.67
"2019-12","Recent Inspection",4,0,0.00
"2016-06","License Re-Inspection",56,3,5.36
"2023-02","License Re-Inspection",52,5,9.62
"2024-07","Recent Inspection",6,0,0.00
"2010-01","Recent Inspection",5,0,0.00
"2022-09","License",204,52,25.49
"2012-09","Consultation",4,1,25.00
"2011-06","License Re-Inspection",166,27,16.27
"2025-12","Suspected Food Poisoning Re-inspection",1,0,0.00
"2013-08","Canvass Re-Inspection",154,7,4.55
"2011-12","Consultation",4,1,25.00
"2013-01","Short Form Complaint",30,2,6.67
"2012-05","License",318,117,36.79
"2022-03","Complaint",195,75,38.46
"2011-09","Complaint-Fire",1,1,100.00
"2011-02","License Re-Inspection",94,11,11.70
"2010-07","CANVASS/SPECIAL EVENT",1,0,0.00
"2013-08","License Re-Inspection",65,5,7.69
"2021-12","License Re-Inspection",52,3,5.77
"2015-08","License Re-Inspection",68,6,8.82
"2023-05","Canvass",626,136,21.73
"2014-05","License",261,91,34.87
"2025-07","Canvass Re-Inspection",173,10,5.78
"2016-08","Consultation",1,0,0.00
"2014-04","Tag Removal",1,0,0.00
"2010-03","Illegal Operation",2,0,0.00
"2011-12","TASK FORCE LIQUOR 1470",1,1,100.00
"2026-06","License",259,57,22.01
"2022-12","License",153,38,24.84
"2025-08","Short Form Complaint",40,5,12.50
"2025-03","Short Form Complaint",37,4,10.81
"2022-07","Suspected Food Poisoning Re-inspection",2,0,0.00
"2026-04","License",238,38,15.97
"2015-10","Suspected Food Poisoning Re-inspection",2,0,0.00
"2021-02","Short Form Complaint",11,1,9.09
"2011-08","License-Task Force",23,14,60.87
"2019-02","Complaint",147,46,31.29
"2011-08","Pre-License Consultation",1,1,100.00
"2023-10","Consultation",1,0,0.00
"2021-01","Canvass",589,103,17.49
"2011-11","Complaint",140,56,40.00
"2026-07","Non-Inspection",30,0,0.00
"2012-01","Canvass Re-Inspection",97,4,4.12
"2013-10","Recent Inspection",2,0,0.00
"2014-06","Canvass Re-Inspection",219,8,3.65
"2021-04","License Re-Inspection",47,4,8.51
"2015-11","Canvass",1032,161,15.60
"2023-08","Short Form Complaint",42,3,7.14
"2010-11","Tag Removal",24,2,8.33
"2010-05","Special Events (Festivals)",3,1,33.33
"2016-06","Tag Removal",1,0,0.00
"2016-04","Recent Inspection",6,1,16.67
"2014-04","Complaint Re-Inspection",50,4,8.00
"2010-01","TASK FORCE LIQUOR 1474",1,1,100.00
"2016-09","Recent Inspection",4,1,25.00
"2022-05","Canvass Re-Inspection",162,18,11.11
"2016-05","Suspected Food Poisoning Re-inspection",2,0,0.00
"2018-03","Suspected Food Poisoning Re-inspection",2,0,0.00
"2016-02","Suspected Food Poisoning",3,1,33.33
"2018-02","Short Form Complaint",13,1,7.69
"2021-04","Non-Inspection",77,0,0.00
"2015-12","Canvass",918,130,14.16
"2022-03","License Re-Inspection",49,4,8.16
"2026-02","Canvass Re-Inspection",188,10,5.32
"2019-03","Canvass",832,147,17.67
"2023-08","License",188,50,26.60
"2012-03","Complaint Re-Inspection",54,2,3.70
"2022-06","Complaint Re-Inspection",60,9,15.00
"2017-12","Complaint Re-Inspection",65,10,15.38
"2017-06","Canvass Re-Inspection",315,16,5.08
"2015-03","Complaint Re-Inspection",82,11,13.41
"2010-03","Recent Inspection",5,1,20.00
"2013-05","Canvass",1132,159,14.05
"2015-04","Canvass",809,142,17.55
"2022-03","Canvass Re-Inspection",144,16,11.11
"2010-06","Canvass",761,148,19.45
"2017-11","Complaint",184,66,35.87
"2026-03","Short Form Complaint",26,2,7.69
"2021-10","Short Form Complaint",47,4,8.51
"2020-11","License Re-Inspection",56,6,10.71
"2024-11","License",152,34,22.37
"2011-09","Consultation",13,3,23.08
"2016-01","Complaint",207,47,22.71
"2010-11","LICENSE RENEWAL INSPECTION FOR DAYCARE",1,0,0.00
"2019-07","Suspected Food Poisoning",1,1,100.00
"2010-11","Recent Inspection",2,0,0.00
"2025-01","Short Form Complaint",6,1,16.67
"2020-11","Recent Inspection",2,0,0.00
"2012-09","Canvass",812,132,16.26
"2011-10","Complaint",182,69,37.91
"2014-03","Suspected Food Poisoning",8,1,12.50
"2024-02","Non-Inspection",36,0,0.00
"2018-08","Canvass Re-Inspection",141,16,11.35
"2016-11","License",185,37,20.00
"2025-04","License",242,42,17.36
"2018-05","Canvass",764,156,20.42
"2020-07","License Re-Inspection",48,3,6.25
"2016-03","Complaint",195,62,31.79
"2010-07","Special Events (Festivals)",2,0,0.00
"2014-12","Complaint Re-Inspection",44,1,2.27
"2024-04","Recent Inspection",4,0,0.00
"2021-08","Complaint",153,61,39.87
"2010-11","LICENSE RENEWAL FOR DAYCARE",2,0,0.00
"2010-11","Canvass Re-Inspection",100,14,14.00
"2015-09","Consultation",2,0,0.00
"2020-09","Canvass",510,67,13.14
"2012-12","Consultation",6,0,0.00
"2014-04","Consultation",16,2,12.50
"2020-06","Complaint Re-Inspection",30,6,20.00
"2012-06","Short Form Complaint",59,11,18.64
"2024-02","Canvass",654,164,25.08
"2010-09","Suspected Food Poisoning Re-inspection",3,0,0.00
"2020-10","Consultation",2,0,0.00
"2013-09","License Re-Inspection",65,6,9.23
"2026-01","Canvass Re-Inspection",136,15,11.03
"2017-05","Suspected Food Poisoning",3,1,33.33
"2010-03","LIQOUR TASK FORCE NOT READY",1,1,100.00
"2019-04","Canvass",943,151,16.01
"2013-08","License",222,77,34.68
"2013-01","License Re-Inspection",44,5,11.36
"2025-11","License Re-Inspection",54,0,0.00
"2019-01","Consultation",1,0,0.00
"2014-09","Complaint Re-Inspection",67,2,2.99
"2017-11","Canvass",813,133,16.36
"2024-05","License Re-Inspection",44,2,4.55
"2012-09","Short Form Complaint",100,16,16.00
"2017-12","Canvass",688,100,14.53
"2017-10","Short Form Complaint",59,5,8.47
"2022-03","Suspected Food Poisoning",4,0,0.00
"2026-02","Complaint",113,34,30.09
"2017-07","Suspected Food Poisoning",6,0,0.00
"2010-11","Short Form Complaint",88,15,17.05
"2024-05","Non-Inspection",96,0,0.00
"2024-01","Complaint Re-Inspection",49,6,12.24
"2013-08","Complaint Re-Inspection",59,2,3.39
"2014-08","Suspected Food Poisoning Re-inspection",2,0,0.00
"2014-11","Consultation",3,0,0.00
"2024-08","License",197,44,22.34
"2024-06","Consultation",2,0,0.00
"2014-04","Recent Inspection",10,2,20.00
"2022-01","License",190,42,22.11
"2011-06","Special Events (Festivals)",3,1,33.33
"2012-01","License Re-Inspection",89,14,15.73
"2015-09","Complaint Re-Inspection",64,4,6.25
"2015-05","Complaint",154,56,36.36
"2026-02","License Re-Inspection",36,2,5.56
"2010-03","License Re-Inspection",120,20,16.67
"2018-06","Suspected Food Poisoning",1,0,0.00
"2010-03","CANVASS FOR RIB FEST",1,0,0.00
"2020-02","Complaint",110,39,35.45
"2017-11","Canvass Re-Inspection",171,9,5.26
"2014-04","Complaint",142,38,26.76
"2012-04","Canvass Re-Inspection",116,8,6.90
"2010-03","Complaint Re-Inspection",51,1,1.96
"2026-04","Canvass",734,140,19.07
"2016-03","Short Form Complaint",40,4,10.00
"2025-08","Complaint Re-Inspection",73,11,15.07
"2011-07","Task Force Liquor Catering",1,0,0.00
"2010-04","REINSPECTION",1,0,0.00
"2022-03","Short Form Complaint",24,4,16.67
"2012-08","Complaint-Fire Re-inspection",4,1,25.00
"2016-02","Suspected Food Poisoning Re-inspection",1,0,0.00
"2011-06","License-Task Force",34,23,67.65
"2014-05","Complaint",144,39,27.08
"2010-09","OUT OF BUSINESS",4,1,25.00
"2014-07","Suspected Food Poisoning",4,2,50.00
"2019-06","Recent Inspection",5,0,0.00
"2010-06","Task Force Liquor 1475",10,8,80.00
"2016-10","Short Form Complaint",53,6,11.32
"2018-10","Canvass",752,113,15.03
"2026-03","Not Ready",1,0,0.00
"2025-09","License",248,38,15.32
"2012-03","Canvass Re-Inspection",140,10,7.14
"2012-09","Complaint",159,64,40.25
"2026-05","License",224,29,12.95
"2021-04","License",193,62,32.12
"2020-09","Complaint",201,56,27.86
"2010-12","NO ENTRY",1,1,100.00
"2022-05","Complaint",162,48,29.63
"2026-01","Recent Inspection",2,0,0.00
"2017-02","Consultation",1,1,100.00
"2024-05","Short Form Complaint",23,0,0.00
"2010-08","Tag Removal",27,1,3.70
"2011-02","Task Force Liquor 1475",14,7,50.00
"2011-02","Suspected Food Poisoning Re-inspection",3,1,33.33
"2011-01","Short Form Complaint",85,13,15.29
"2022-07","License",161,35,21.74
"2014-09","Consultation",3,0,0.00
"2021-11","License",223,46,20.63
"2017-01","Recent Inspection",3,0,0.00
"2012-10","License Re-Inspection",63,4,6.35
"2010-02","TASK FORCE LIQUOR 1470",1,0,0.00
"2011-01","Suspected Food Poisoning Re-inspection",2,0,0.00
"2022-06","Non-Inspection",61,0,0.00
"2021-01","Non-Inspection",107,0,0.00
"2010-02","OUT OF BUSINESS",1,1,100.00
"2020-12","Short Form Complaint",35,9,25.71
"2013-04","Canvass Re-Inspection",191,7,3.66
"2025-10","Canvass Re-Inspection",182,19,10.44
"2010-04","License",270,169,62.59
"2013-06","License",231,78,33.77
"2020-12","License",178,41,23.03
"2013-09","Canvass Re-Inspection",197,14,7.11
"2014-01","Complaint",129,43,33.33
"2023-11","License",194,39,20.10
"2016-06","Complaint Re-Inspection",55,4,7.27
"2019-04","Suspected Food Poisoning",8,2,25.00
"2011-02","Short Form Fire-Complaint",2,0,0.00
"2023-01","Canvass",707,139,19.66
"2025-09","Suspected Food Poisoning",5,2,40.00
"2023-04","Canvass Re-Inspection",254,37,14.57
"2015-08","Complaint",183,51,27.87
"2016-02","Short Form Complaint",24,1,4.17
"2010-05","Consultation",13,1,7.69
"2020-07","Complaint Re-Inspection",48,5,10.42
"2010-12","Task Force Liquor 1475",6,2,33.33
"2015-04","Complaint",181,56,30.94
"2020-03","License",193,44,22.80
"2010-04","Business Not Located",1,1,100.00
"2017-12","Recent Inspection",2,0,0.00
"2010-08","Recent Inspection",1,0,0.00
"2020-10","Complaint Re-Inspection",77,8,10.39
"2017-02","License Re-Inspection",49,3,6.12
"2016-03","Suspected Food Poisoning Re-inspection",1,0,0.00
"2011-09","1315 license reinspection",1,1,100.00
"2010-02","Canvass",568,83,14.61
"2024-12","Short Form Complaint",46,6,13.04
"2011-04","Consultation",12,5,41.67
"2013-05","Short Form Fire-Complaint",1,0,0.00
"2014-10","Consultation",3,0,0.00
"2018-07","License Re-Inspection",66,1,1.52
"2011-01","Canvass Re-Inspection",75,6,8.00
"2024-04","Non-Inspection",107,0,0.00
"2014-09","Complaint",148,43,29.05
"2024-08","Suspected Food Poisoning",2,0,0.00
"2011-07","Suspected Food Poisoning",11,1,9.09
"2013-04","Suspected Food Poisoning",4,1,25.00
"2011-09","Recent Inspection",1,0,0.00
"2015-12","Complaint",138,37,26.81
"2011-09","Complaint",157,70,44.59
"2019-11","Canvass Re-Inspection",178,14,7.87
"2012-01","License",206,89,43.20
"2015-03","Complaint-Fire Re-inspection",4,2,50.00
"2011-06","Short Form Fire-Complaint",3,0,0.00
"2023-02","Complaint Re-Inspection",79,11,13.92
"2014-08","License Re-Inspection",55,7,12.73
"2014-04","KITCHEN CLOSED FOR RENOVATION",1,0,0.00
"2017-08","Recent Inspection",4,0,0.00
"2019-11","Canvass",1010,153,15.15
"2014-03","License Re-Inspection",49,6,12.24
"2012-05","Task Force Liquor 1475",5,3,60.00
"2011-04","License-Task Force",26,20,76.92
"2018-07","Complaint",174,53,30.46
"2023-12","Suspected Food Poisoning",2,1,50.00
"2010-10","License-Task Force",21,10,47.62
"2015-03","Suspected Food Poisoning",4,2,50.00
"2018-11","License Re-Inspection",56,8,14.29
"2014-09","Canvass",1266,204,16.11
"2019-10","Recent Inspection",5,0,0.00
"2012-07","Short Form Fire-Complaint",4,2,50.00
"2022-01","Complaint Re-Inspection",62,14,22.58
"2011-10","Complaint-Fire",4,2,50.00
"2010-07","Short Form Fire-Complaint",2,1,50.00
"2016-11","Complaint Re-Inspection",70,5,7.14
"2020-06","Short Form Complaint",21,2,9.52
"2010-04","REINSPECTION OF 48 HOUR NOTICE",2,2,100.00
"2010-12","SFP",1,1,100.00
"2023-04","Non-Inspection",75,0,0.00
"2011-10","Consultation",6,5,83.33
"2021-07","Complaint",113,48,42.48
"2021-05","Complaint",97,22,22.68
"2023-07","Complaint Re-Inspection",81,14,17.28
"2011-10","Sample Collection",1,0,0.00
"2017-07","Canvass Re-Inspection",224,14,6.25
"2022-12","Suspected Food Poisoning",3,0,0.00
"2011-02","Complaint Re-Inspection",30,1,3.33
"2019-07","License Re-Inspection",54,2,3.70
"2024-08","Non-Inspection",123,1,0.81
"2012-08","Canvass Re-Inspection",164,8,4.88
"2025-07","Short Form Complaint",35,9,25.71
"2011-08","Recent Inspection",1,1,100.00
"2014-10","Suspected Food Poisoning",2,1,50.00
"2022-04","Suspected Food Poisoning Re-inspection",1,0,0.00
"2024-10","Non-Inspection",167,1,0.60
"2025-03","Canvass",1035,197,19.03
"2023-05","Complaint",140,48,34.29
"2012-01","Package Liquor 1474",3,0,0.00
"2017-05","Suspected Food Poisoning Re-inspection",1,0,0.00
"2023-07","Canvass Re-Inspection",141,23,16.31
"2011-05","Canvass",956,134,14.02
"2011-09","License",262,126,48.09
"2019-02","Complaint Re-Inspection",59,7,11.86
"2014-05","Special Events (Festivals)",1,0,0.00
"2016-06","Consultation",4,0,0.00
"2015-11","License Re-Inspection",62,4,6.45
"2010-03","Task Force Liquor 1475",11,6,54.55
"2017-05","License",269,68,25.28
"2021-05","Canvass",834,175,20.98
"2017-05","Short Form Complaint",42,3,7.14
"2011-11","Tag Removal",35,2,5.71
"2012-03","Tag Removal",2,0,0.00
"2010-10","LICENSE/NOT READY",2,2,100.00
"2026-02","License",210,42,20.00
"2012-08","Canvass",877,147,16.76
"2019-04","License",241,72,29.88
"2013-12","License Re-Inspection",53,4,7.55
"2010-05","Complaint-Fire",3,0,0.00
"2015-11","Complaint",146,46,31.51
"2018-07","Canvass Re-Inspection",95,8,8.42
"2021-11","Canvass",581,101,17.38
"2016-09","Complaint",161,64,39.75
"2014-07","License Re-Inspection",70,3,4.29
"2015-01","Suspected Food Poisoning",1,0,0.00
"2011-10","Short Form Complaint",82,10,12.20
"2024-09","Complaint",141,38,26.95
"2019-04","Suspected Food Poisoning Re-inspection",1,0,0.00
"2013-06","Complaint Re-Inspection",27,0,0.00
"2021-11","Short Form Complaint",44,6,13.64
"2019-08","Complaint Re-Inspection",104,19,18.27
"2016-12","Short Form Complaint",93,7,7.53
"2023-12","License",173,34,19.65
"2013-01","Consultation",9,2,22.22
"2025-12","License",182,30,16.48
"2011-07","Short Form Complaint",81,11,13.58
"2023-07","Complaint",145,58,40.00
"2011-11","Suspected Food Poisoning Re-inspection",2,0,0.00
"2019-07","Canvass Re-Inspection",185,17,9.19
"2013-03","Consultation",1,0,0.00
"2015-07","Recent Inspection",7,1,14.29
"2012-05","Suspected Food Poisoning Re-inspection",1,1,100.00
"2010-06","Suspected Food Poisoning",25,3,12.00
"2015-12","Recent Inspection",1,0,0.00
"2023-05","Short Form Complaint",29,6,20.69
"2017-05","Complaint",154,46,29.87
"2010-04","No Entry",10,1,10.00
"2024-02","Complaint",131,49,37.40
"2010-12","Complaint-Fire Re-inspection",1,0,0.00
"2014-05","Consultation",3,0,0.00
"2011-05","no entry",1,1,100.00
"2013-06","Complaint",102,30,29.41
"2024-06","Short Form Complaint",24,2,8.33
"2023-11","Short Form Complaint",43,9,20.93
"2014-01","License Re-Inspection",43,6,13.95
"2011-04","Short Form Fire-Complaint",2,1,50.00
"2013-07","Special Events (Festivals)",2,0,0.00
"2023-08","Recent Inspection",1,1,100.00
"2017-04","License Re-Inspection",55,2,3.64
"2017-11","Short Form Complaint",68,6,8.82
"2015-03","Canvass",882,153,17.35
"2015-10","Canvass Re-Inspection",273,10,3.66
"2016-01","Short Form Complaint",13,1,7.69
"2021-08","Consultation",1,0,0.00
"2011-10","FIRE/COMPLAIN",1,1,100.00
"2012-02","Suspected Food Poisoning",6,1,16.67
"2019-12","Complaint",55,19,34.55
"2018-12","Canvass Re-Inspection",96,11,11.46
"2019-09","Recent Inspection",5,1,20.00
"2011-08","Task Force Liquor 1475",10,5,50.00
"2010-08","LICENSE REQUEST",2,0,0.00
"2024-03","Suspected Food Poisoning",2,0,0.00
"2022-06","License Re-Inspection",63,6,9.52
"2026-07","License",227,36,15.86
"2024-08","License Re-Inspection",64,10,15.63
"2022-08","Suspected Food Poisoning Re-inspection",2,0,0.00
"2011-12","Task Force Liquor 1475",8,5,62.50
"2015-08","Consultation",4,0,0.00
"2021-05","License",182,52,28.57
"2017-01","Suspected Food Poisoning Re-inspection",1,0,0.00
"2012-07","Complaint-Fire",4,1,25.00
"2016-07","Complaint Re-Inspection",69,8,11.59
"2019-07","Complaint",188,67,35.64
"2013-08","Short Form Complaint",83,12,14.46
"2011-08","Package Liquor 1474",1,0,0.00
"2010-03","Suspected Food Poisoning Re-inspection",5,0,0.00
"2024-02","Short Form Complaint",17,4,23.53
"2023-10","Complaint",183,71,38.80
"2011-05","Complaint-Fire",3,2,66.67
"2023-04","License",203,47,23.15
"2023-09","Not Ready",1,0,0.00
"2022-11","License",171,36,21.05
"2025-09","Complaint",187,63,33.69
"2013-01","Task Force Liquor 1475",1,0,0.00
"2022-06","Recent Inspection",4,1,25.00
"2012-02","Consultation",7,0,0.00
"2013-09","Complaint Re-Inspection",85,8,9.41
"2011-08","Consultation",6,1,16.67
"2013-01","Canvass",1052,129,12.26
"2019-01","Suspected Food Poisoning",9,4,44.44
"2011-03","Task Force Liquor 1475",5,3,60.00
"2015-04","Canvass Re-Inspection",184,7,3.80
"2018-01","Canvass Re-Inspection",162,10,6.17
"2012-06","License-Task Force",7,2,28.57
"2018-12","Canvass",475,61,12.84
"2016-11","Canvass",984,191,19.41
"2020-01","Complaint Re-Inspection",24,2,8.33
"2012-02","Canvass",645,104,16.12
"2018-08","Suspected Food Poisoning",5,0,0.00
"2010-06","Special Events (Festivals)",16,3,18.75
"2014-04","Canvass",1092,158,14.47
"2021-01","Canvass Re-Inspection",102,13,12.75
"2010-02","Task Force Liquor 1475",5,2,40.00
"2016-06","Complaint",125,46,36.80
"2017-03","Canvass",1127,254,22.54
"2022-04","Suspected Food Poisoning",5,2,40.00
"2024-04","Complaint",158,62,39.24
"2012-01","Task Force Liquor 1475",2,2,100.00
"2010-10","Complaint Re-Inspection",74,8,10.81
"2026-05","Non-Inspection",95,0,0.00
"2010-01","Short Form Complaint",60,7,11.67
"2010-11","Consultation",18,1,5.56
"2024-04","License",202,41,20.30
"2010-03","Suspected Food Poisoning",29,9,31.03
"2025-06","Non-Inspection",109,0,0.00
"2012-06","License Re-Inspection",84,11,13.10
"2012-12","Suspected Food Poisoning Re-inspection",3,0,0.00
"2011-05","Package Liquor 1474",1,1,100.00
"2025-02","Complaint",164,58,35.37
"2015-10","Not Ready",1,0,0.00
"2015-05","Canvass Re-Inspection",198,9,4.55
"2011-02","no entry",1,1,100.00
"2018-03","Complaint",219,72,32.88
"2011-09","Task Force Liquor 1475",9,4,44.44
"2017-04","Complaint Re-Inspection",59,5,8.47
"2022-07","Canvass Re-Inspection",176,18,10.23
"2017-10","Non-Inspection",1,0,0.00
"2014-10","Complaint Re-Inspection",81,11,13.58
"2017-03","License Re-Inspection",49,2,4.08
"2022-12","Non-Inspection",52,0,0.00
"2023-09","Non-Inspection",58,0,0.00
"2022-08","License",217,37,17.05
"2015-07","Special Events (Festivals)",1,1,100.00
"2016-09","Complaint Re-Inspection",63,7,11.11
"2022-03","Complaint Re-Inspection",84,12,14.29
"2023-01","Recent Inspection",1,0,0.00
"2018-04","License",187,53,28.34
"2010-10","Complaint",138,56,40.58
"2020-04","Short Form Complaint",27,3,11.11
"2016-05","License Re-Inspection",60,3,5.00
"2011-07","SFP",1,0,0.00
"2011-04","Suspected Food Poisoning Re-inspection",1,0,0.00
"2016-02","Recent Inspection",1,0,0.00
"2014-04","Short Form Complaint",60,8,13.33
"2010-12","Complaint-Fire",7,3,42.86
"2010-12","Complaint Re-Inspection",31,3,9.68
"2026-01","License",167,26,15.57
"2017-03","Complaint Re-Inspection",66,5,7.58
"2018-08","License",238,58,24.37
"2019-05","Complaint",150,50,33.33
"2025-04","Complaint Re-Inspection",45,3,6.67
"2010-07","LIQUOR CATERING",1,1,100.00
"2023-02","Canvass Re-Inspection",188,22,11.70
"2015-08","Short Form Complaint",63,9,14.29
"2015-04","Consultation",3,0,0.00
"2018-12","Recent Inspection",2,0,0.00
"2021-07","Canvass Re-Inspection",150,17,11.33
"2018-03","Short Form Complaint",31,2,6.45
"2018-01","Suspected Food Poisoning",5,1,20.00
"2016-07","Consultation",2,1,50.00
"2014-04","License",220,87,39.55
"2022-11","Recent Inspection",4,0,0.00
"2010-12","Not Ready",1,1,100.00
"2010-08","License-Task Force",39,27,69.23
"2021-09","License",248,57,22.98
"2018-09","License",236,74,31.36
"2024-12","Suspected Food Poisoning",2,0,0.00
"2011-01","Suspected Food Poisoning",13,3,23.08
"2025-02","License Re-Inspection",31,2,6.45
"2022-09","Complaint Re-Inspection",73,10,13.70
"2015-12","License Re-Inspection",46,2,4.35
"2012-10","Package Liquor 1474",1,0,0.00
"2024-07","Complaint",145,52,35.86
"2026-01","Short Form Complaint",2,0,0.00
"2017-02","License",155,38,24.52
"2021-09","Suspected Food Poisoning",8,5,62.50
"2011-10","License Re-Inspection",134,15,11.19
"2023-06","Not Ready",3,0,0.00
"2017-02","Complaint",193,67,34.72
"2024-09","Complaint Re-Inspection",59,8,13.56
"2026-02","Canvass",737,150,20.35
"2014-08","Short Form Complaint",56,12,21.43
"2015-07","Short Form Complaint",53,7,13.21
"2013-10","Complaint",137,48,35.04
"2018-03","License",228,77,33.77
"2023-05","License",269,59,21.93
"2010-08","Suspected Food Poisoning Re-inspection",6,0,0.00
"2024-06","Not Ready",1,0,0.00
"2011-06","Task Force Liquor 1475",18,12,66.67
"2019-03","Suspected Food Poisoning",8,2,25.00
"2021-10","Canvass",533,111,20.83
"2021-05","Suspected Food Poisoning",1,0,0.00
"2010-02","Complaint",168,49,29.17
"2010-12","Suspected Food Poisoning",16,3,18.75
"2022-05","License",216,62,28.70
"2021-09","Suspected Food Poisoning Re-inspection",6,2,33.33
"2017-11","License",251,65,25.90
"2010-07","Out of Business",2,0,0.00
"2011-01","Complaint",146,45,30.82
"2018-01","Complaint Re-Inspection",84,8,9.52
"2012-05","Canvass Re-Inspection",169,8,4.73
"2025-10","Complaint",194,72,37.11
"2019-12","Non-Inspection",1,0,0.00
"2010-06","HACCP QUESTIONAIRE",1,0,0.00
"2011-04","Complaint",123,30,24.39
"2017-11","Suspected Food Poisoning Re-inspection",1,0,0.00
"2026-06","Non-Inspection",58,0,0.00
"2015-06","Complaint",145,51,35.17
"2011-03","License Re-Inspection",138,29,21.01
"2020-03","Complaint Re-Inspection",59,9,15.25
"2014-01","Canvass Re-Inspection",103,8,7.77
"2026-05","Complaint Re-Inspection",55,5,9.09
"2013-03","License",199,62,31.16
"2011-07","Package Liquor 1474",1,1,100.00
"2025-12","Non-Inspection",110,0,0.00
"2010-04","Complaint Re-Inspection",51,0,0.00
"2012-02","Complaint Re-Inspection",53,8,15.09
"2010-07","DAY CARE LICENSE RENEWAL",1,0,0.00
"2020-04","Canvass",806,165,20.47
"2015-05","Short Form Complaint",38,8,21.05
"2014-05","Complaint Re-Inspection",53,3,5.66
"2023-11","Non-Inspection",106,0,0.00
"2010-04","Special Events (Festivals)",5,2,40.00
"2020-06","Canvass",657,161,24.51
"2011-07","License",223,105,47.09
"2013-07","Suspected Food Poisoning Re-inspection",7,2,28.57
"2021-11","Not Ready",1,0,0.00
"2025-10","Suspected Food Poisoning",7,3,42.86
"2012-06","Canvass",798,116,14.54
"2012-04","No entry",1,1,100.00
"2020-03","Suspected Food Poisoning",1,0,0.00
"2013-08","Consultation",6,1,16.67
"2020-10","Canvass Re-Inspection",108,11,10.19
"2011-04","Canvass Re-Inspection",124,8,6.45
"2024-02","Recent Inspection",4,2,50.00
"2016-07","Canvass Re-Inspection",241,15,6.22
"2011-04","Complaint-Fire",8,2,25.00
"2012-01","Canvass",765,115,15.03
"2017-07","Complaint",169,59,34.91
"2010-05","Suspected Food Poisoning Re-inspection",4,0,0.00
"2011-03","Canvass Re-Inspection",124,9,7.26
"2025-04","Canvass Re-Inspection",263,27,10.27
"2013-03","Canvass",955,140,14.66
"2012-08","License-Task Force",4,2,50.00
"2022-10","Complaint",173,67,38.73
"2025-05","License",207,43,20.77
"2015-03","License",237,75,31.65
"2022-05","Recent Inspection",1,0,0.00
"2015-03","Recent Inspection",3,0,0.00
"2011-02","Package Liquor 1474",1,1,100.00
"2011-04","License Re-Inspection",106,11,10.38
"2010-10","Complaint-Fire",4,2,50.00
"2010-01","License Re-Inspection",102,18,17.65
"2019-01","Canvass",862,133,15.43
"2013-05","Suspected Food Poisoning",3,2,66.67
"2018-03","Suspected Food Poisoning",3,2,66.67
"2010-01","Canvass",482,84,17.43
"2020-07","Canvass",508,81,15.94
"2011-08","Complaint Re-Inspection",88,8,9.09
"2010-03","Short Form Complaint",82,7,8.54
"2017-04","Consultation",1,0,0.00
"2010-11","Package Liquor 1474",1,0,0.00
"2025-05","Canvass",885,196,22.15
"2024-08","Complaint Re-Inspection",63,10,15.87
"2018-06","Consultation",1,0,0.00
"2013-08","Canvass",1037,139,13.40
"2012-09","Short Form Fire-Complaint",3,1,33.33
"2024-02","Canvass Re-Inspection",196,29,14.80
"2021-07","Short Form Complaint",23,1,4.35
"2011-11","License Re-Inspection",115,20,17.39
"2012-05","Complaint",177,69,38.98
"2011-12","Complaint-Fire",4,1,25.00
"2024-02","License",201,41,20.40
"2015-09","License",291,61,20.96
"2012-03","Suspected Food Poisoning",14,2,14.29
"2020-06","Complaint",95,26,27.37
"2013-02","Consultation",9,1,11.11
"2012-12","Complaint",122,31,25.41
"2026-05","Recent Inspection",1,0,0.00
"2010-04","Task Force Liquor 1475",12,8,66.67
"2019-10","Short Form Complaint",40,15,37.50
"2014-10","Complaint",147,50,34.01
"2017-10","License Re-Inspection",78,6,7.69
"2013-11","Short Form Complaint",66,14,21.21
"2010-08","License",182,96,52.75
"2020-10","Complaint",188,50,26.60
"2012-05","Short Form Fire-Complaint",3,2,66.67
"2011-11","Suspected Food Poisoning",12,5,41.67
"2012-05","Consultation",9,3,33.33
"2018-06","Complaint Re-Inspection",80,4,5.00
"2020-08","Canvass",464,77,16.59
"2010-07","Package Liquor 1474",3,1,33.33
"2020-02","Canvass Re-Inspection",181,23,12.71
"2020-10","License",215,63,29.30
"2022-01","Complaint",207,67,32.37
"2022-11","Suspected Food Poisoning Re-inspection",1,0,0.00
"2018-04","Recent Inspection",9,1,11.11
"2017-06","Suspected Food Poisoning",1,1,100.00
"2013-05","License Re-Inspection",96,12,12.50
"2012-04","License-Task Force",5,3,60.00
"2022-06","Short Form Complaint",37,4,10.81
"2010-06","No Entry",7,2,28.57
"2018-04","Complaint",177,57,32.20
"2024-12","Non-Inspection",163,0,0.00
"2010-09","Recent Inspection",1,0,0.00
"2010-12","Non-Inspection",2,0,0.00
"2011-11","Short Form Complaint",92,10,10.87
"2024-11","Complaint Re-Inspection",37,3,8.11
"2014-04","License Re-Inspection",64,7,10.94
"2016-12","FIRE",1,0,0.00
"2015-09","Canvass",1278,193,15.10
"2023-05","Canvass Re-Inspection",173,26,15.03
"2016-10","License Re-Inspection",61,4,6.56
"2026-07","Canvass Re-Inspection",130,8,6.15
"2017-02","Canvass Re-Inspection",214,8,3.74
"2023-07","Non-Inspection",43,0,0.00
"2022-08","Suspected Food Poisoning",3,2,66.67
"2024-03","License",199,40,20.10
"2024-10","Complaint",129,48,37.21
"2018-05","Recent Inspection",7,0,0.00
"2010-11","Task Force Liquor 1475",7,2,28.57
"2021-11","Suspected Food Poisoning Re-inspection",1,0,0.00
"2019-09","Short Form Complaint",28,6,21.43
"2025-07","Complaint",177,57,32.20
"2023-09","Canvass Re-Inspection",216,39,18.06
"2011-02","Canvass Re-Inspection",88,4,4.55
"2020-11","Short Form Complaint",36,7,19.44
"2020-03","Short Form Complaint",10,2,20.00
"2024-12","Canvass",913,131,14.35
"2010-03","TASK FORCE LIQUOR (1481)",1,0,0.00
"2018-01","Short Form Complaint",5,0,0.00
"2018-04","Short Form Complaint",41,7,17.07
"2018-11","License",188,46,24.47
"2026-03","Recent Inspection",1,0,0.00
"2015-11","License",183,50,27.32
"2012-07","Canvass Re-Inspection",106,4,3.77
"2010-01","Task Force Liquor 1475",2,0,0.00
"2010-05","Tag Removal",20,2,10.00
"2010-05","LICENSE REQUEST",1,1,100.00
"2016-12","Canvass",837,128,15.29
"2021-02","Canvass Re-Inspection",105,8,7.62
"2022-04","Non-Inspection",56,0,0.00
"2021-12","Complaint Re-Inspection",56,6,10.71
"2010-11","License-Task Force",27,14,51.85
"2017-07","Canvass",750,145,19.33
"2021-06","Canvass Re-Inspection",208,23,11.06
"2014-09","License",232,91,39.22
"2016-09","License Re-Inspection",72,5,6.94
"2015-01","Canvass",900,141,15.67
"2025-06","Canvass Re-Inspection",196,16,8.16
"2025-11","Canvass",703,126,17.92
"2016-03","Canvass",1254,243,19.38
"2017-12","License",208,54,25.96
"2011-05","License-Task Force",26,14,53.85
"2024-12","License Re-Inspection",40,0,0.00
"2017-09","Canvass",1034,181,17.50
"2018-08","Consultation",1,0,0.00
"2025-11","Non-Inspection",85,0,0.00
"2023-02","Non-Inspection",67,0,0.00
"2022-07","Non-Inspection",45,0,0.00
"2021-03","Canvass Re-Inspection",170,15,8.82
"2025-09","Canvass Re-Inspection",168,24,14.29
"2026-06","License Re-Inspection",50,0,0.00
"2021-08","License Re-Inspection",64,6,9.38
"2017-06","License Re-Inspection",59,3,5.08
"2021-08","Canvass Re-Inspection",153,11,7.19
"2024-04","Short Form Complaint",38,3,7.89
"2016-05","Complaint Re-Inspection",53,4,7.55
"2017-06","Canvass",1258,263,20.91
"2020-12","Canvass Re-Inspection",105,13,12.38
"2022-10","Canvass Re-Inspection",197,20,10.15
"2026-07","Canvass",231,56,24.24
"2013-05","Complaint",115,29,25.22
"2022-02","Canvass Re-Inspection",119,9,7.56
"2017-12","Consultation",2,0,0.00
"2016-02","Complaint",207,71,34.30
"2026-02","Short Form Complaint",7,0,0.00
"2010-08","Complaint Re-Inspection",73,5,6.85
"2012-03","Consultation",7,2,28.57
"2015-06","License",258,44,17.05
"2010-05","Duplicated",1,1,100.00
"2015-06","Short Form Complaint",51,5,9.80
"2017-02","Complaint Re-Inspection",78,8,10.26
"2011-09","Package Liquor 1474",2,1,50.00
"2016-07","Suspected Food Poisoning Re-inspection",1,0,0.00
"2013-10","Consultation",4,0,0.00
"2017-08","Short Form Complaint",67,13,19.40
"2022-10","Suspected Food Poisoning",2,0,0.00
"2012-12","Suspected Food Poisoning",10,1,10.00
"2018-03","Canvass",714,145,20.31
"2011-01","SFP RECENTLY INSPECTED",1,0,0.00
"2010-06","Canvass Re-Inspection",98,5,5.10
"2012-10","fire complaint",1,0,0.00
"2010-01","Tag Removal",15,0,0.00
"2012-06","Task Force Liquor 1475",3,0,0.00
"2010-08","Consultation",12,4,33.33
"2021-05","Short Form Complaint",20,2,10.00
"2011-12","Recent Inspection",1,0,0.00
"2021-03","Suspected Food Poisoning",1,0,0.00
"2014-05","Canvass",1160,173,14.91
"2023-03","Canvass Re-Inspection",187,20,10.70
"2026-03","Complaint",251,76,30.28
"2017-06","License",202,53,26.24
"2019-11","Complaint Re-Inspection",37,1,2.70
"2011-09","Canvass Re-Inspection",111,9,8.11
"2010-05","CLOSE-UP/COMPLAINT REINSPECTION",1,0,0.00
"2016-12","Recent Inspection",5,2,40.00
"2011-05","Special Events (Festivals)",1,0,0.00
"2019-08","Suspected Food Poisoning",6,2,33.33
"2014-03","Recent Inspection",1,1,100.00
"2016-09","Suspected Food Poisoning",2,1,50.00
"2019-05","Suspected Food Poisoning Re-inspection",1,0,0.00
"2014-08","Recent Inspection",6,1,16.67
"2013-02","LICENSE CONSULTATION",2,0,0.00
"2019-09","Suspected Food Poisoning Re-inspection",1,0,0.00
"2013-04","LICENSE CANCELED BY OWNER",1,0,0.00
"2013-08","O.B.",1,0,0.00
"2018-04","Canvass",924,189,20.45
"2016-03","License Re-Inspection",53,4,7.55
"2019-09","Suspected Food Poisoning",6,3,50.00
"2010-05","Special Task Force",1,0,0.00
"2025-12","Complaint",122,37,30.33
"2011-06","Complaint",140,39,27.86
"2025-03","Complaint",127,41,32.28
"2010-02","License Re-Inspection",112,21,18.75
"2020-06","Recent Inspection",3,0,0.00
"2014-05","Suspected Food Poisoning",2,1,50.00
"2024-01","Canvass",758,187,24.67
"2014-11","Canvass",914,132,14.44
"2010-05","License-Task Force",7,2,28.57
"2025-12","License Re-Inspection",36,4,11.11
"2015-04","Complaint Re-Inspection",64,7,10.94
"2010-09","Tag Removal",33,1,3.03
"2015-04","License Re-Inspection",69,6,8.70
"2014-04","Canvass Re-Inspection",194,14,7.22
"2016-07","Short Form Complaint",52,7,13.46
"2012-11","License",228,81,35.53
"2013-05","Suspected Food Poisoning Re-inspection",3,0,0.00
"2025-05","Canvass Re-Inspection",224,19,8.48
"2019-01","License",180,43,23.89
"2022-02","Suspected Food Poisoning",2,0,0.00
"2019-11","Suspected Food Poisoning",2,0,0.00
"2010-05","Canvass Re-Inspection",93,1,1.08
"2011-03","Consultation",14,5,35.71
"2026-04","Canvass Re-Inspection",158,18,11.39
"2012-06","Consultation",2,0,0.00
"2020-05","Complaint Re-Inspection",73,15,20.55
"2013-02","Tag Removal",1,0,0.00
"2013-04","Short Form Complaint",43,7,16.28
"2011-05","Complaint Re-Inspection",53,6,11.32
"2013-04","Suspected Food Poisoning Re-inspection",1,0,0.00
"2015-05","Complaint Re-Inspection",65,2,3.08
"2024-09","Non-Inspection",121,0,0.00
"2025-10","Complaint Re-Inspection",101,11,10.89
"2013-02","Canvass Re-Inspection",137,8,5.84
"2013-09","Complaint-Fire",3,0,0.00
"2021-04","Canvass Re-Inspection",201,19,9.45
"2015-10","Complaint Re-Inspection",52,5,9.62
"2026-02","Complaint Re-Inspection",20,3,15.00
"2013-12","Complaint Re-Inspection",47,2,4.26
"2019-03","Canvass Re-Inspection",195,22,11.28
"2021-11","License Re-Inspection",43,2,4.65
"2025-08","Canvass",654,141,21.56
"2011-09","Tag Removal",33,0,0.00
"2016-09","Short Form Complaint",71,8,11.27
"2020-09","Consultation",1,0,0.00
"2015-06","Suspected Food Poisoning",9,4,44.44
"2011-01","License-Task Force",11,8,72.73
"2015-02","License Re-Inspection",38,4,10.53
"2013-07","Short Form Complaint",81,8,9.88
"2019-10","License",269,70,26.02
"2014-09","Recent Inspection",2,0,0.00
"2026-08","Canvass",159,30,18.87
"2023-11","Canvass",857,204,23.80
"2023-04","Short Form Complaint",21,2,9.52
"2010-05","Package Liquor 1474",1,1,100.00
"2024-01","Short Form Complaint",4,1,25.00
"2012-07","License Re-Inspection",92,16,17.39
"2014-03","Complaint Re-Inspection",32,0,0.00
"2013-02","Canvass",845,125,14.79
"2012-09","Tag Removal",1,0,0.00
"2016-11","Consultation",2,0,0.00
"2015-04","Short Form Complaint",57,6,10.53
"2017-08","Canvass",977,172,17.60
"2010-06","Package Liquor 1474",3,0,0.00
"2017-11","Suspected Food Poisoning",7,2,28.57
"2012-09","Suspected Food Poisoning",8,3,37.50
"2022-11","Not Ready",1,0,0.00
"2018-07","Short Form Complaint",38,2,5.26
"2014-12","Canvass",1244,127,10.21
"2025-12","Canvass",729,114,15.64
"2016-12","Complaint",163,41,25.15
"2022-05","Non-Inspection",55,0,0.00
"2010-01","No Entry",12,8,66.67
"2010-11","LICENSE REQUEST",1,0,0.00
"2023-08","Canvass",791,223,28.19
"2025-12","Recent Inspection",5,0,0.00
"2015-11","Consultation",4,0,0.00
"2021-08","Short Form Complaint",44,7,15.91
"2011-06","Tag Removal",34,1,2.94
"2025-03","License Re-Inspection",36,4,11.11
"2019-12","Short Form Complaint",17,2,11.76
"2015-01","Short Form Complaint",9,0,0.00
"2017-05","License Re-Inspection",107,7,6.54
"2012-02","License",202,75,37.13
"2023-10","Canvass",827,202,24.43
"2015-02","Suspected Food Poisoning Re-inspection",2,0,0.00
"2012-08","Special Events (Festivals)",1,0,0.00
"2024-09","Recent Inspection",1,0,0.00
"2019-02","Canvass",792,152,19.19
"2021-03","Canvass",706,151,21.39
"2021-07","Recent Inspection",3,1,33.33
"2017-01","Complaint",216,61,28.24
"2011-07","Short Form Fire-Complaint",3,1,33.33
"2015-10","License",263,46,17.49
"2013-06","Canvass",953,145,15.22
"2012-11","Consultation",10,1,10.00
"2024-06","Complaint Re-Inspection",33,5,15.15
"2016-06","Canvass Re-Inspection",364,17,4.67
"2022-09","Short Form Complaint",44,10,22.73
"2012-02","Short Form Complaint",50,9,18.00
"2015-01","Consultation",6,2,33.33
"2019-11","License",191,53,27.75
"2012-02","Pre-License Consultation",1,0,0.00
"2024-03","Canvass",760,170,22.37
"2021-12","Complaint",106,32,30.19
"2013-02","License consultation",1,0,0.00
"2024-11","Complaint",90,32,35.56
"2013-04","Canvass",1086,153,14.09
"2013-01","Recent Inspection",1,0,0.00
"2025-05","Recent Inspection",4,0,0.00
"2013-03","Recent Inspection",2,0,0.00
"2022-04","Short Form Complaint",26,5,19.23
"2012-10","Canvass Re-Inspection",188,16,8.51
"2010-12","Short Form Fire-Complaint",7,2,28.57
"2014-09","Not Ready",1,0,0.00
"2019-12","Complaint Re-Inspection",34,8,23.53
"2021-12","Canvass",565,107,18.94
"2019-08","License",231,67,29.00
"2010-04","Short Form Complaint",73,9,12.33
"2020-01","License Re-Inspection",48,5,10.42
"2017-03","Canvass Re-Inspection",292,30,10.27
"2022-05","Suspected Food Poisoning Re-inspection",2,1,50.00
"2014-05","License Re-Inspection",67,6,8.96
"2018-04","Suspected Food Poisoning",4,1,25.00
"2023-02","Recent Inspection",1,0,0.00
"2012-10","Suspected Food Poisoning",7,0,0.00
"2011-04","Special Events (Festivals)",3,0,0.00
"2018-09","Canvass",650,97,14.92
"2012-09","Canvass Re-Inspection",170,10,5.88
"2021-08","Suspected Food Poisoning Re-inspection",2,0,0.00
"2019-11","Short Form Complaint",27,4,14.81
"2011-03","Suspected Food Poisoning",16,3,18.75
"2023-01","Non-Inspection",88,0,0.00
"2010-02","Package Liquor 1474",1,0,0.00
"2013-03","Short Form Complaint",42,4,9.52
"2015-06","Canvass Re-Inspection",190,13,6.84
"2011-09","License Re-Inspection",136,23,16.91
"2012-09","License",243,70,28.81
"2023-11","License Re-Inspection",35,1,2.86
"2010-02","Not Ready",1,1,100.00
"2017-11","Complaint Re-Inspection",78,7,8.97
"2021-11","Recent Inspection",1,0,0.00
"2018-10","Suspected Food Poisoning Re-inspection",2,0,0.00
"2012-04","Special Events (Festivals)",1,0,0.00
"2011-07","Complaint Re-Inspection",52,1,1.92
"2013-08","Suspected Food Poisoning",2,0,0.00
"2019-03","Short Form Complaint",13,1,7.69
"2020-09","License",199,66,33.17
"2023-01","Canvass Re-Inspection",112,19,16.96
"2019-04","Canvass Re-Inspection",173,11,6.36
"2015-02","Short Form Complaint",21,1,4.76
"2011-02","Short Form Complaint",45,5,11.11
"2011-03","Short Form Complaint",79,9,11.39
"2010-12","Canvass",544,78,14.34
"2015-03","License-Task Force",2,0,0.00
"2012-08","Not Ready",1,1,100.00
"2022-11","Canvass",748,172,22.99
"2010-06","Recent Inspection",2,1,50.00
"2013-05","License",283,116,40.99
"2010-03","Canvass Re-Inspection",83,7,8.43
"2010-08","Task Force Liquor 1475",9,3,33.33
"2011-01","SMOKING COMPLAINT",1,0,0.00
"2011-05","Consultation",7,1,14.29
"2011-03","Canvass",930,131,14.09
"2020-10","License Re-Inspection",67,5,7.46
"2011-12","Tag Removal",7,0,0.00
"2025-07","License",257,53,20.62
"2017-10","Recent Inspection",2,0,0.00
"2011-04","Short Form Complaint",103,11,10.68
"2010-07","Complaint-Fire Re-inspection",3,0,0.00
"2021-07","Complaint Re-Inspection",58,11,18.97
"2019-05","Complaint Re-Inspection",63,7,11.11
"2011-05","Task Force Liquor 1475",13,7,53.85
"2020-09","Short Form Complaint",107,6,5.61
"2015-01","Canvass Re-Inspection",138,9,6.52
"2010-02","POSSIBLE FBI",1,0,0.00
"2010-01","OUT OF BUSINESS",2,2,100.00
"2021-06","License Re-Inspection",52,1,1.92
"2016-11","Complaint",129,43,33.33
"2014-08","Consultation",7,2,28.57
"2018-04","Complaint Re-Inspection",74,7,9.46
"2023-09","Canvass",679,169,24.89
"2012-07","Task Force Liquor 1475",2,0,0.00
"2021-07","License Re-Inspection",53,4,7.55
"2011-05","Tag Removal",20,0,0.00
"2017-09","Complaint Re-Inspection",79,13,16.46
"2014-11","Complaint Re-Inspection",45,4,8.89
"2012-08","Suspected Food Poisoning",4,2,50.00
"2011-10","ADDENDUM",1,0,0.00
"2010-01","Canvass Re-Inspection",51,1,1.96
"2015-03","Short Form Complaint",38,2,5.26
"2022-12","License Re-Inspection",39,6,15.38
"2012-08","Complaint-Fire",9,4,44.44
"2010-01","License",162,104,64.20
"2015-06","Canvass",1013,165,16.29
"2014-08","Complaint Re-Inspection",85,6,7.06
"2020-05","Canvass Re-Inspection",198,25,12.63
"2015-07","Complaint Re-Inspection",73,6,8.22
"2020-04","Canvass Re-Inspection",223,25,11.21
"2023-06","Recent Inspection",3,0,0.00
"2013-10","License",246,72,29.27
"2018-12","License Re-Inspection",60,2,3.33
"2024-03","Canvass Re-Inspection",230,33,14.35
"2010-07","Complaint Re-Inspection",59,4,6.78
"2026-05","Canvass Re-Inspection",185,20,10.81
"2012-01","Complaint-Fire Re-inspection",1,0,0.00
"2024-07","Complaint Re-Inspection",54,5,9.26
"2023-12","Canvass",752,124,16.49
"2011-10","Task Force Liquor 1475",11,3,27.27
"2012-01","Suspected Food Poisoning",14,4,28.57
"2025-04","Suspected Food Poisoning",3,1,33.33
"2016-05","Consultation",3,2,66.67
"2018-09","Canvass Re-Inspection",127,19,14.96
"2020-10","Canvass",485,96,19.79
"2015-12","Consultation",1,0,0.00
"2020-05","Short Form Complaint",42,2,4.76
"2016-04","Canvass Re-Inspection",255,22,8.63
"2016-10","Tag Removal",1,1,100.00
"2023-03","Suspected Food Poisoning",1,0,0.00
"2021-12","Non-Inspection",65,0,0.00
"2022-03","Non-Inspection",65,0,0.00
"2013-06","License Re-Inspection",69,8,11.59
"2010-05","sfp/complaint",1,0,0.00
"2024-07","License",226,50,22.12
"2016-04","Complaint",158,57,36.08
"2022-02","Non-Inspection",62,0,0.00
"2017-10","Canvass",1032,200,19.38
"2012-08","License",252,94,37.30
"2011-12","License-Task Force",21,14,66.67
"2022-11","Suspected Food Poisoning",4,1,25.00
"2016-02","License Re-Inspection",33,3,9.09
"2021-03","License",178,40,22.47
"2017-02","Short Form Complaint",28,5,17.86
"2024-06","License",192,51,26.56
"2016-08","Canvass Re-Inspection",329,21,6.38
"2021-10","Non-Inspection",48,0,0.00
"2018-10","Short Form Complaint",54,9,16.67
"2010-01","Not Ready",2,2,100.00
"2023-12","Recent Inspection",3,0,0.00
"2010-09","Not Ready",1,1,100.00
"2020-09","Suspected Food Poisoning",1,1,100.00
"2010-01","Complaint-Fire",3,1,33.33
"2011-04","License",170,95,55.88
"2015-06","Not Ready",2,0,0.00
"2020-02","License",191,51,26.70
"2016-11","Suspected Food Poisoning",11,6,54.55
"2021-07","Non-Inspection",70,0,0.00
"2016-05","Canvass",1226,254,20.72
"2013-09","Consultation",8,2,25.00
"2022-05","Complaint Re-Inspection",67,10,14.93
"2025-08","Complaint",162,57,35.19
"2020-11","License",183,42,22.95
"2017-06","Complaint",198,61,30.81
"2013-07","Complaint Re-Inspection",50,1,2.00
"2010-06","out ofbusiness",1,1,100.00
"2011-07","Recent Inspection",1,0,0.00
"2020-01","Complaint",87,31,35.63
"2026-07","Recent Inspection",2,0,0.00
"2018-06","License Re-Inspection",72,8,11.11
"2010-05","license",1,0,0.00
"2012-03","Complaint-Fire Re-inspection",3,0,0.00
"2010-09","Non-Inspection",2,2,100.00
"2022-12","Canvass",650,129,19.85
"2022-02","Complaint",170,49,28.82
"2012-04","License",234,89,38.03
"2015-11","Suspected Food Poisoning",1,0,0.00
"2019-11","License Re-Inspection",53,4,7.55
"2013-03","Complaint Re-Inspection",50,4,8.00
"2015-08","Suspected Food Poisoning",8,3,37.50
"2010-08","OUT OF BUSINESS",5,2,40.00
"2025-04","Suspected Food Poisoning Re-inspection",1,0,0.00
"2021-01","Complaint Re-Inspection",37,7,18.92
"2019-06","Complaint",161,54,33.54
"2014-02","Canvass Re-Inspection",158,7,4.43
"2025-02","Canvass",804,170,21.14
"2012-02","Task Force Liquor 1475",2,1,50.00
"2011-12","Suspected Food Poisoning Re-inspection",5,0,0.00
"2014-02","License Re-Inspection",41,2,4.88
"2024-11","Short Form Complaint",29,2,6.90
"2014-12","Suspected Food Poisoning",4,0,0.00
"2011-06","Canvass",835,161,19.28
"2025-11","Suspected Food Poisoning Re-inspection",2,0,0.00
"2010-07","CHANGED COURT DATE",1,0,0.00
"2016-01","License",172,31,18.02
"2021-03","License Re-Inspection",39,2,5.13
"2024-05","Canvass",954,190,19.92
"2011-02","expansion",1,0,0.00
"2020-01","Canvass",1120,253,22.59
"2010-01","TASK FORCE PACKAGE GOODS 1474",1,0,0.00
"2020-01","Canvass Re-Inspection",199,20,10.05
"2011-09","Canvass",603,129,21.39
"2010-07","NO ENTRY",1,0,0.00
"2013-06","Short Form Complaint",50,2,4.00
"2018-03","License Re-Inspection",81,4,4.94
"2014-12","Suspected Food Poisoning Re-inspection",2,0,0.00
"2010-12","TAVERN 1470",1,1,100.00
"2018-02","Complaint",158,54,34.18
"2010-09","Complaint",168,66,39.29
"2013-04","Consultation",8,0,0.00
"2012-02","Short Form Fire-Complaint",1,0,0.00
"2019-03","License Re-Inspection",70,5,7.14
"2010-09","Canvass Re-Inspection",135,3,2.22
"2011-09","License-Task Force",24,15,62.50
"2016-05","Short Form Complaint",41,7,17.07
"2020-08","Complaint",164,54,32.93
"2011-03","Recent Inspection",2,1,50.00
"2017-11","License Re-Inspection",66,2,3.03
"2010-03","No Entry",9,5,55.56
"2018-08","License Re-Inspection",49,7,14.29
"2025-08","Recent Inspection",2,0,0.00
"2015-06","Complaint Re-Inspection",74,14,18.92
"2022-09","Non-Inspection",74,0,0.00
"2010-09","Consultation",13,1,7.69
"2010-10","Consultation",22,4,18.18
"2016-12","Complaint Re-Inspection",59,3,5.08
"2025-06","Complaint Re-Inspection",37,6,16.22
"2024-12","Complaint",112,28,25.00
"2010-04","Complaint-Fire Re-inspection",1,0,0.00
"2021-11","Non-Inspection",76,0,0.00
"2011-06","CANVAS",1,0,0.00
"2012-04","OUT OF BUSINESS",1,0,0.00
"2019-03","Recent Inspection",6,1,16.67
"2025-11","Canvass Re-Inspection",153,11,7.19
"2010-03","Complaint",140,50,35.71
"2012-03","Short Form Complaint",39,9,23.08
"2025-04","Short Form Complaint",37,3,8.11
"2010-07","SFP",2,0,0.00
"2019-03","Complaint",155,65,41.94
"2011-04","Tag Removal",30,1,3.33
"2010-04","Complaint",146,43,29.45
"2021-03","Recent Inspection",4,0,0.00
"2025-09","Non-Inspection",69,0,0.00
"2023-07","Recent Inspection",5,1,20.00
"2016-09","Canvass Re-Inspection",301,14,4.65
"2023-08","Suspected Food Poisoning",2,1,50.00
"2012-04","Complaint",138,40,28.99
"2010-05","Short Form Complaint",60,2,3.33
"2010-07","Suspected Food Poisoning",14,3,21.43
"2011-06","Consultation",29,11,37.93
"2018-12","Suspected Food Poisoning",8,1,12.50
"2010-06","SFP/COMPLAINT",1,0,0.00
"2023-03","Canvass",823,200,24.30
"2010-10","Complaint-Fire Re-inspection",2,0,0.00
"2013-11","Complaint Re-Inspection",48,4,8.33
"2018-11","Suspected Food Poisoning Re-inspection",3,0,0.00
"2021-04","Short Form Complaint",16,3,18.75
"2020-02","Complaint Re-Inspection",35,3,8.57
"2017-03","Recent Inspection",1,0,0.00
"2025-06","License Re-Inspection",40,0,0.00
"2012-08","License Re-Inspection",69,6,8.70
"2011-02","NO ENTRY",1,1,100.00
"2017-12","Short Form Complaint",58,7,12.07
"2021-08","License",249,63,25.30
"2023-10","License",222,48,21.62
"2023-03","License",219,51,23.29
"2011-10","Complaint-Fire Re-inspection",2,0,0.00
"2012-01","Complaint",176,55,31.25
"2023-10","Suspected Food Poisoning Re-inspection",3,0,0.00
"2014-05","Canvass Re-Inspection",207,18,8.70
"2018-03","Consultation",1,0,0.00
"2021-05","Canvass Re-Inspection",218,21,9.63
"2021-10","Complaint Re-Inspection",89,14,15.73
"2015-10","Short Form Complaint",69,8,11.59
"2012-12","Complaint-Fire",4,0,0.00
"2012-11","Complaint Re-Inspection",69,3,4.35
"2022-08","Non-Inspection",52,0,0.00
"2018-10","Canvass Re-Inspection",132,13,9.85
"2017-09","Suspected Food Poisoning",7,3,42.86
"2017-02","Suspected Food Poisoning",3,1,33.33
"2010-11","License Re-Inspection",94,17,18.09
"2015-08","License",233,63,27.04
"2026-04","Complaint Re-Inspection",95,11,11.58
"2013-01","Suspected Food Poisoning Re-inspection",2,0,0.00
"2026-07","Not Ready",1,0,0.00
"2010-02","Complaint-Fire",7,3,42.86
"2021-09","Non-Inspection",48,0,0.00
"2016-08","License",232,59,25.43
"2025-05","Short Form Complaint",23,3,13.04
"2026-01","Non-Inspection",70,0,0.00
"2022-05","Suspected Food Poisoning",1,1,100.00
"2024-05","Complaint Re-Inspection",58,10,17.24
"2017-07","License",185,57,30.81
"2023-10","Non-Inspection",107,1,0.93
"2017-08","License Re-Inspection",84,4,4.76
"2017-08","Consultation",1,0,0.00
"2012-08","Suspected Food Poisoning Re-inspection",2,1,50.00
"2011-08","Short Form Fire-Complaint",2,0,0.00
"2015-10","Recent Inspection",4,1,25.00
"2021-02","Non-Inspection",62,0,0.00
"2010-07","Tag Removal",27,2,7.41
"2015-02","Complaint Re-Inspection",56,6,10.71
"2017-06","Consultation",4,1,25.00
"2023-08","Complaint",207,75,36.23
"2013-01","Complaint Re-Inspection",56,4,7.14
"2014-11","Canvass Re-Inspection",185,12,6.49
"2019-03","License",267,61,22.85
"2026-02","Non-Inspection",69,0,0.00
"2024-08","Short Form Complaint",37,2,5.41
"2010-11","Canvass",561,97,17.29
"2017-11","Non-Inspection",1,0,0.00
"2025-10","Non-Inspection",134,0,0.00
"2015-11","Short Form Complaint",55,5,9.09
"2022-10","Recent Inspection",4,1,25.00
"2013-11","Canvass Re-Inspection",128,9,7.03
"2021-01","Suspected Food Poisoning",1,1,100.00
"2016-06","Special Events (Festivals)",1,0,0.00
"2013-12","Consultation",3,0,0.00
"2014-06","License",206,74,35.92
"2017-05","Complaint Re-Inspection",46,1,2.17
"2019-01","License Re-Inspection",54,6,11.11
"2025-07","Complaint Re-Inspection",78,6,7.69
"2021-02","License Re-Inspection",18,0,0.00
"2019-12","License Re-Inspection",55,8,14.55
"2010-11","Suspected Food Poisoning Re-inspection",1,0,0.00
"2012-02","Complaint-Fire",4,2,50.00
"2012-02","Suspected Food Poisoning Re-inspection",2,1,50.00
"2013-04","Short Form Fire-Complaint",4,0,0.00
"2023-08","Non-Inspection",84,0,0.00
"2025-11","Complaint",106,24,22.64
"2021-12","Suspected Food Poisoning",3,2,66.67
"2016-01","Canvass",885,197,22.26
"2012-05","Complaint-Fire",4,1,25.00
"2011-08","Tag Removal",44,1,2.27
"2018-11","Complaint",120,45,37.50
"2016-10","Consultation",2,1,50.00
"2013-09","Complaint",157,62,39.49
"2013-01","Complaint-Fire",3,1,33.33
"2025-10","Recent Inspection",2,0,0.00
"2010-04","License Re-Inspection",159,31,19.50
"2019-05","Recent Inspection",4,0,0.00
"2012-10","Complaint Re-Inspection",84,6,7.14
"2010-09","KIDS CAFE",1,1,100.00
"2021-01","License Re-Inspection",45,5,11.11
"2017-09","Suspected Food Poisoning Re-inspection",2,0,0.00
"2023-02","License",181,50,27.62
"2022-08","Complaint Re-Inspection",94,14,14.89
"2019-07","License",236,52,22.03
"2023-02","Canvass",576,133,23.09
"2017-09","Short Form Complaint",41,8,19.51
"2020-02","License Re-Inspection",47,3,6.38
"2010-06","citation re-issued",1,0,0.00
"2017-10","Suspected Food Poisoning Re-inspection",1,0,0.00
"2022-10","Complaint Re-Inspection",72,10,13.89
"2016-01","Suspected Food Poisoning Re-inspection",2,0,0.00
"2022-07","License Re-Inspection",43,2,4.65
"2010-05","Canvass",709,139,19.61
"2010-12","Tag Removal",22,2,9.09
"2023-03","Recent Inspection",4,0,0.00
"2024-09","License Re-Inspection",49,2,4.08
"2014-07","Consultation",3,0,0.00
"2010-06","Consultation",29,3,10.34
"2022-03","Recent Inspection",3,3,100.00
"2015-01","License Re-Inspection",53,3,5.66
"2026-05","Not Ready",1,0,0.00
"2013-03","Suspected Food Poisoning",4,0,0.00
"2024-12","Recent Inspection",7,1,14.29
"2012-10","Canvass",866,154,17.78
"2019-09","Canvass",740,178,24.05
"2010-12","CANVASS",1,0,0.00
"2010-04","Canvass",525,109,20.76
"2010-12","License Re-Inspection",136,26,19.12
"2011-05","Short Form Complaint",81,9,11.11
"2017-05","Recent Inspection",1,1,100.00
"2023-11","Complaint Re-Inspection",42,6,14.29
"2021-09","Canvass",542,103,19.00
"2012-02","Tag Removal",1,0,0.00
"2010-01","Complaint-Fire Re-inspection",1,0,0.00
"2014-06","Recent Inspection",1,0,0.00
"2010-07","Summer Feeding",1,0,0.00
"2011-08","Complaint-Fire",5,1,20.00
"2018-10","License",248,58,23.39
"2016-04","Canvass",1079,220,20.39
"2021-06","Suspected Food Poisoning",1,0,0.00
"2021-08","Complaint Re-Inspection",72,12,16.67
"2023-08","Complaint Re-Inspection",100,13,13.00
"2015-02","Consultation",3,0,0.00
"2010-02","Consultation",29,2,6.90
"2020-06","Suspected Food Poisoning",1,1,100.00
"2017-04","fire complaint",1,0,0.00
"2020-08","COVID COMPLAINT",1,0,0.00
"2011-08","Special Events (Festivals)",2,0,0.00
"2018-11","Complaint Re-Inspection",51,11,21.57
"2016-08","License Re-Inspection",58,2,3.45
"2015-02","Canvass",728,125,17.17
"2025-06","Complaint",133,34,25.56
"2026-07","License Re-Inspection",43,5,11.63
"2010-02","Complaint-Fire Re-inspection",2,1,50.00
"2019-12","Suspected Food Poisoning",8,0,0.00
"2014-08","Complaint",172,58,33.72
"2013-11","Consultation",8,2,25.00
"2022-10","Short Form Complaint",52,5,9.62
"2022-02","License Re-Inspection",41,4,9.76
"2014-02","Consultation",3,1,33.33
"2010-12","Suspected Food Poisoning Re-inspection",4,0,0.00
"2011-10","Pre-License Consultation",1,1,100.00
"2011-04","SFP/Complaint",1,1,100.00
"2024-11","License Re-Inspection",45,5,11.11
"2025-03","Recent Inspection",9,1,11.11
"2013-04","License Re-Inspection",48,3,6.25
"2026-03","Complaint Re-Inspection",80,11,13.75
"2025-04","Recent Inspection",3,1,33.33
"2012-04","CANVASS SCHOOL/SPECIAL EVENT",1,0,0.00
"2018-06","Complaint",188,50,26.60
"2022-02","Short Form Complaint",5,1,20.00
"2021-01","License",139,31,22.30
"2010-02","No Entry",15,9,60.00
"2013-01","Short Form Fire-Complaint",4,0,0.00
"2018-10","Recent Inspection",5,1,20.00
"2024-07","Canvass",813,158,19.43
"2013-12","Canvass Re-Inspection",147,12,8.16
"2015-11","Canvass Re-Inspection",223,8,3.59
"2022-12","Canvass Re-Inspection",207,44,21.26
"2013-10","Short Form Complaint",57,9,15.79
"2023-06","Canvass",666,174,26.13
"2025-03","Complaint Re-Inspection",56,5,8.93
"2013-09","Suspected Food Poisoning Re-inspection",2,0,0.00
"2026-08","Suspected Food Poisoning",3,1,33.33
"2015-02","Canvass Re-Inspection",165,13,7.88
"2019-10","Canvass",961,195,20.29
"2017-10","Complaint",144,53,36.81
"2010-07","Complaint-Fire",5,4,80.00
"2017-09","License",251,69,27.49
"2024-02","License Re-Inspection",47,2,4.26
"2024-04","Canvass",982,213,21.69
"2010-10","Canvass",796,150,18.84
"2017-08","Suspected Food Poisoning Re-inspection",1,0,0.00
"2020-12","License Re-Inspection",56,9,16.07
"2013-07","CORRECTIVE ACTION",1,0,0.00
"2012-05","Canvass",968,146,15.08
"2022-08","License Re-Inspection",36,2,5.56
"2014-03","Canvass Re-Inspection",204,12,5.88
"2025-01","Complaint",174,56,32.18
"2010-09","License",191,98,51.31
"2012-09","Suspected Food Poisoning Re-inspection",4,0,0.00
"2013-08","Complaint",162,53,32.72
"2011-06","Recent Inspection",3,0,0.00
"2017-10","Complaint Re-Inspection",84,11,13.10
"2016-08","Canvass",1206,271,22.47
"2012-05","Recent Inspection",1,0,0.00
"2020-01","License",234,50,21.37
"2013-07","Canvass",803,128,15.94
"2014-09","Complaint-Fire",1,0,0.00
"2025-01","Canvass Re-Inspection",159,22,13.84
"2011-01","License",161,82,50.93
"2011-05","Recent Inspection",3,0,0.00
"2019-10","Suspected Food Poisoning Re-inspection",1,0,0.00
"2010-11","Complaint-Fire",3,1,33.33
"2014-01","Consultation",6,0,0.00
"2017-04","Canvass Re-Inspection",224,21,9.38
"2014-07","Complaint",179,67,37.43
"2021-02","Complaint Re-Inspection",40,2,5.00
"2012-07","Suspected Food Poisoning",5,0,0.00
"2011-08","Suspected Food Poisoning",13,4,30.77
"2016-05","License",261,51,19.54
"2022-04","Complaint Re-Inspection",87,9,10.34
"2014-06","Complaint Re-Inspection",63,7,11.11
"2018-05","License",248,68,27.42
"2014-09","License Re-Inspection",89,9,10.11
"2014-12","Consultation",7,1,14.29
"2025-02","Recent Inspection",5,0,0.00
"2011-08","License",239,155,64.85
"2020-09","Complaint Re-Inspection",82,9,10.98
"2020-12","Canvass",486,78,16.05
"2021-07","OUT OF BUSINESS",1,0,0.00
"2022-11","Complaint Re-Inspection",60,6,10.00
"2011-11","Task Force Liquor 1475",19,10,52.63
"2022-07","Recent Inspection",6,0,0.00
"2023-07","Canvass",478,105,21.97
"2021-06","Non-Inspection",115,0,0.00
"2026-06","Canvass",418,93,22.25
"2020-03","Canvass",948,173,18.25
"2012-08","Short Form Complaint",84,16,19.05
"2024-06","Non-Inspection",55,0,0.00
"2023-07","Short Form Complaint",23,5,21.74
"2012-06","Suspected Food Poisoning",4,1,25.00
"2018-08","Complaint",208,56,26.92
"2017-07","Short Form Complaint",45,4,8.89
"2019-02","License Re-Inspection",58,5,8.62
"2022-07","Suspected Food Poisoning",4,0,0.00
"2023-03","Complaint Re-Inspection",78,9,11.54
"2020-11","Suspected Food Poisoning",1,0,0.00
"2012-11","Complaint",125,44,35.20
"2016-05","Canvass Re-Inspection",309,21,6.80
"2016-01","Canvass Re-Inspection",177,11,6.21
"2016-10","Complaint",107,41,38.32
"2024-03","License Re-Inspection",50,1,2.00
"2010-10","Suspected Food Poisoning Re-inspection",3,1,33.33
"2022-03","Canvass",676,144,21.30
"2016-03","Consultation",5,1,20.00
"2011-01","Tag Removal",17,0,0.00
"2019-07","Short Form Complaint",33,6,18.18
"2013-09","Short Form Complaint",88,9,10.23
"2010-11","Complaint-Fire Re-inspection",1,0,0.00
"2013-06","Suspected Food Poisoning",7,2,28.57
"2010-03","REINSPECTION",1,0,0.00
"2011-02","Tag Removal",23,0,0.00
"2012-10","Complaint",139,54,38.85
"2011-04","Task Force Liquor 1475",14,13,92.86
"2011-01","Short Form Fire-Complaint",4,1,25.00
"2011-08","Complaint",181,72,39.78
"2013-06","Canvass Re-Inspection",161,5,3.11
"2010-06","Short Form Complaint",94,10,10.64
"2017-06","Short Form Complaint",67,9,13.43
"2021-11","Canvass Re-Inspection",127,12,9.45
"2014-06","Suspected Food Poisoning Re-inspection",2,0,0.00
"2018-03","Complaint Re-Inspection",86,7,8.14
"2020-09","Canvass Re-Inspection",77,11,14.29
"2010-04","License-Task Force",15,8,53.33
"2026-06","Complaint",162,53,32.72
"2024-08","Complaint",133,54,40.60
"2023-06","Complaint Re-Inspection",79,14,17.72
"2014-07","Special Events (Festivals)",1,0,0.00
"2012-11","Short Form Fire-Complaint",3,0,0.00
"2010-07","Consultation",18,6,33.33
"2013-02","Short Form Complaint",44,2,4.55
"2020-08","Complaint Re-Inspection",52,7,13.46
"2021-07","NO ENTRY",1,1,100.00
"2011-02","License-Task Force",21,15,71.43
"2010-06","License-Task Force",17,12,70.59
"2010-08","Package Liquor 1474",4,1,25.00
"2019-09","Canvass Re-Inspection",202,35,17.33
"2013-11","Short Form Fire-Complaint",2,1,50.00
"2014-06","Consultation",8,1,12.50
"2011-07","Canvass Re-Inspection",124,9,7.26
"2022-12","Complaint",93,31,33.33
"2021-04","Recent Inspection",3,0,0.00
"2020-08","License Re-Inspection",49,5,10.20
"2024-10","Short Form Complaint",38,7,18.42
"2018-06","Canvass",724,148,20.44
"2012-05","CANVASS SPECIAL EVENTS",1,0,0.00
"2020-06","License Re-Inspection",37,1,2.70
"2010-07","Recent Inspection",1,0,0.00
"2018-05","License Re-Inspection",71,6,8.45
"2014-04","Suspected Food Poisoning Re-inspection",1,0,0.00
"2011-11","Complaint-Fire",4,2,50.00
"2017-12","License Re-Inspection",55,4,7.27
"2010-01","Package Liquor 1474",1,1,100.00
"2025-08","Non-Inspection",99,0,0.00
"2016-04","Complaint Re-Inspection",62,3,4.84
"2010-08","License Re-Inspection",135,22,16.30
"2024-06","Canvass Re-Inspection",175,14,8.00
"2018-12","Complaint",96,21,21.88
"2013-10","Complaint Re-Inspection",70,6,8.57
"2015-01","License",235,76,32.34
"2017-02","Canvass",827,188,22.73
"2026-03","License Re-Inspection",49,4,8.16
"2023-10","Suspected Food Poisoning",3,3,100.00
"2023-05","Non-Inspection",47,1,2.13
"2020-01","Short Form Complaint",2,0,0.00
"2015-12","Suspected Food Poisoning",5,1,20.00
"2018-05","Suspected Food Poisoning Re-inspection",1,0,0.00
"2021-05","Complaint Re-Inspection",27,2,7.41
"2018-12","Suspected Food Poisoning Re-inspection",2,0,0.00
"2013-07","Canvass Re-Inspection",177,5,2.82
"2010-02","Complaint Re-Inspection",41,7,17.07
"2011-12","Canvass",562,92,16.37
"2010-09","License Re-Inspection",120,27,22.50
"2022-05","Canvass",697,151,21.66
"2025-12","Canvass Re-Inspection",167,16,9.58
"2022-04","License",172,30,17.44
"2012-06","Complaint Re-Inspection",78,11,14.10
"2016-11","Suspected Food Poisoning Re-inspection",3,0,0.00
"2021-05","Recent Inspection",2,1,50.00
"2026-08","License",75,10,13.33
"2012-02","License Re-Inspection",50,3,6.00
"2025-08","License",236,39,16.53
"2025-01","License Re-Inspection",27,1,3.70
"2021-04","Complaint Re-Inspection",46,5,10.87
"2026-01","Canvass",867,172,19.84
"2025-07","Recent Inspection",2,1,50.00
"2013-07","Consultation",2,0,0.00
"2019-06","Suspected Food Poisoning",2,0,0.00
"2020-11","Canvass",477,75,15.72
"2010-05","Complaint Re-Inspection",50,10,20.00
"2019-05","Short Form Complaint",26,3,11.54
"2019-04","License Re-Inspection",67,5,7.46
"2010-09","Complaint-Fire",1,1,100.00
"2015-01","Recent Inspection",1,0,0.00
"2025-10","Suspected Food Poisoning Re-inspection",1,1,100.00
"2019-05","License",280,70,25.00
"2015-06","Recent Inspection",4,0,0.00
"2012-10","Illegal Operation",1,1,100.00
"2021-03","Short Form Complaint",15,1,6.67
"2013-07","Suspected Food Poisoning",7,3,42.86
"2024-03","Recent Inspection",4,1,25.00
"2010-05","finish complaint inspection from 5-18-10",1,1,100.00
"2015-12","Complaint Re-Inspection",60,5,8.33
"2012-07","Complaint Re-Inspection",97,9,9.28
"2013-03","Short Form Fire-Complaint",2,0,0.00
"2010-09","Illegal Operation",1,0,0.00
"2016-06","Canvass",1329,303,22.80
"2019-05","Not Ready",1,0,0.00
"2024-09","Short Form Complaint",33,5,15.15
"2019-02","Recent Inspection",4,0,0.00
"2011-02","Consultation",9,4,44.44
"2010-08","Canvass",741,166,22.40
"2020-07","Recent Inspection",3,0,0.00
"2019-01","Canvass Re-Inspection",116,12,10.34
"2013-08","Complaint-Fire",1,1,100.00
"2022-05","License Re-Inspection",58,8,13.79
"2020-05","Complaint",162,54,33.33
"2010-09","License-Task Force",24,13,54.17
"2015-04","Suspected Food Poisoning",5,2,40.00
"2017-03","Suspected Food Poisoning",2,0,0.00
"2017-02","Recent Inspection",3,1,33.33
"2024-11","Non-Inspection",99,0,0.00
"2014-02","Complaint",129,43,33.33
"2011-12","Short Form Complaint",109,17,15.60
"2017-08","License",303,85,28.05
"2025-04","Complaint",140,37,26.43
"2010-02","License-Task Force",20,10,50.00
"2019-10","Canvass Re-Inspection",249,27,10.84
"2023-09","Suspected Food Poisoning",3,0,0.00
"2025-09","Short Form Complaint",54,12,22.22
"2014-06","Short Form Complaint",50,7,14.00
"2015-09","Short Form Complaint",62,9,14.52
"2011-01","License Re-Inspection",81,14,17.28
"2020-01","Suspected Food Poisoning Re-inspection",1,0,0.00
"2019-01","Recent Inspection",5,1,20.00
"2010-07","LICENSE WRONG ADDRESS",1,1,100.00
"2026-04","Short Form Complaint",46,4,8.70
"2021-02","Recent Inspection",3,0,0.00
"2025-02","Complaint Re-Inspection",60,7,11.67
"2022-11","License Re-Inspection",46,3,6.52
"2011-12","License Re-Inspection",106,19,17.92
"2018-06","License",236,70,29.66
"2013-09","License",267,102,38.20
"2015-08","Suspected Food Poisoning Re-inspection",1,0,0.00
"2012-10","Short Form Fire-Complaint",3,1,33.33
"2021-05","License Re-Inspection",76,10,13.16
"2023-06","Non-Inspection",59,0,0.00
"2020-02","Short Form Complaint",12,2,16.67
"2011-05","Suspected Food Poisoning Re-inspection",3,0,0.00
"2026-05","Complaint",166,41,24.70
"2011-01","Canvass",665,104,15.64
"2010-11","License",177,103,58.19
"2019-12","License",174,29,16.67
"2025-03","License",188,45,23.94
"2014-01","Short Form Complaint",38,7,18.42
"2024-08","Canvass",778,151,19.41
"2022-01","Short Form Complaint",4,2,50.00
"2013-02","Suspected Food Poisoning",4,1,25.00
"2012-11","License Re-Inspection",75,10,13.33
"2016-01","Suspected Food Poisoning",4,2,50.00
"2012-03","Complaint-Fire",4,2,50.00
"2024-03","Non-Inspection",73,0,0.00
"2022-02","License",151,37,24.50
"2010-02","Short Form Complaint",60,4,6.67
"2011-03","Complaint-Fire",5,1,20.00
"2012-06","Pre-License Consultation",1,1,100.00
"2025-07","Non-Inspection",99,0,0.00
"2015-03","License Re-Inspection",69,4,5.80
"2018-06","Recent Inspection",3,0,0.00
"2021-02","Complaint",94,33,35.11
"2010-07","License",190,125,65.79
"2014-06","Complaint",153,49,32.03
"2021-08","Non-Inspection",75,0,0.00
"2014-12","Recent Inspection",2,0,0.00
"2025-11","Recent Inspection",2,0,0.00
"2014-11","Recent Inspection",2,0,0.00
"2011-03","NO ENTRY",1,1,100.00
"2019-01","Short Form Complaint",4,1,25.00
"2013-07","License",198,74,37.37
"2019-02","Suspected Food Poisoning Re-inspection",3,0,0.00
"2014-01","Complaint Re-Inspection",48,2,4.17
"2018-03","Recent Inspection",1,0,0.00
"2020-06","License",167,45,26.95
"2019-10","License Re-Inspection",76,13,17.11
"2016-11","Canvass Re-Inspection",276,25,9.06
"2023-08","Canvass Re-Inspection",265,42,15.85
"2012-02","License-Task Force",6,3,50.00
"2021-02","Canvass",506,94,18.58
"2015-10","Complaint",138,45,32.61
"2020-08","Canvass Re-Inspection",127,17,13.39
"2024-07","Short Form Complaint",25,3,12.00
"2023-04","Complaint Re-Inspection",48,8,16.67
"2018-09","License Re-Inspection",85,7,8.24
"2016-10","License",200,47,23.50
"2023-12","Non-Inspection",117,0,0.00
"2011-06","Complaint-Fire Re-inspection",1,0,0.00
"2019-08","Recent Inspection",7,1,14.29
"2021-11","Suspected Food Poisoning",5,0,0.00
"2012-03","NO ENTRY",1,1,100.00
"2014-04","Suspected Food Poisoning",4,3,75.00
"2021-09","Canvass Re-Inspection",131,27,20.61
"2025-01","Canvass",896,187,20.87
"2017-12","Complaint",145,43,29.66
"2018-11","Suspected Food Poisoning",14,3,21.43
"2017-07","Recent Inspection",4,1,25.00
"2016-02","License",147,36,24.49
"2022-03","License",225,53,23.56
"2021-01","Short Form Complaint",4,1,25.00
"2020-04","Complaint",115,40,34.78
"2022-01","Not Ready",1,0,0.00
"2016-08","Complaint Re-Inspection",89,9,10.11
"2016-03","Recent Inspection",12,1,8.33
"2025-06","Short Form Complaint",22,3,13.64
"2013-06","Suspected Food Poisoning Re-inspection",1,0,0.00
"2010-04","Suspected Food Poisoning",20,2,10.00
"2014-02","License",143,50,34.97
"2014-06","Suspected Food Poisoning",6,1,16.67
"2010-12","SFP/COMPLAINT",1,0,0.00
"2016-09","Suspected Food Poisoning Re-inspection",2,1,50.00
"2019-02","Canvass Re-Inspection",152,8,5.26
"2014-03","Canvass",985,154,15.63
"2017-04","Recent Inspection",2,0,0.00
"2014-06","Canvass",1054,174,16.51
"2020-11","Complaint",74,20,27.03
"2023-01","Complaint",202,82,40.59
"2013-08","Complaint-Fire Re-inspection",2,0,0.00
"2011-04","Canvass",715,139,19.44
"2010-04","Out of Business",33,6,18.18
"2014-01","License",155,53,34.19
"2024-08","Canvass Re-Inspection",185,18,9.73
"2013-05","Short Form Complaint",47,5,10.64
"2022-11","Complaint",120,44,36.67
"2021-12","Short Form Complaint",40,8,20.00
"2017-10","Suspected Food Poisoning",4,3,75.00
"2022-02","Recent Inspection",2,1,50.00
"2014-11","Complaint",107,28,26.17
"2010-09","CITF",1,0,0.00
"2012-12","License-Task Force",1,0,0.00
"2015-08","Complaint Re-Inspection",86,10,11.63
"2010-06","LICENSE REQUEST",1,1,100.00
"2023-02","Complaint",203,61,30.05
"2011-11","Canvass Re-Inspection",156,13,8.33
"2010-09","NO ENTRY-SHORT COMPLAINT)",1,1,100.00
"2014-08","Canvass Re-Inspection",241,11,4.56
"2018-04","License Re-Inspection",57,5,8.77
"2010-01","Out of Business",76,29,38.16
"2018-09","Complaint Re-Inspection",63,5,7.94
"2025-06","Canvass",715,146,20.42
"2020-11","Non-Inspection",84,1,1.19
"2020-03","License Re-Inspection",47,2,4.26
"2016-08","Complaint",178,58,32.58
"2010-06","Out of Business",21,14,66.67
"2019-06","Short Form Complaint",45,8,17.78
"2023-04","Consultation",1,0,0.00
"2010-03","TASK FORCE NOT READY",1,1,100.00
"2015-04","License",217,58,26.73
"2025-08","Suspected Food Poisoning",6,3,50.00
"2010-03","SPECIAL TASK FORCE",2,2,100.00
"2023-10","Short Form Complaint",52,6,11.54
"2010-10","License",271,144,53.14
"2026-02","Recent Inspection",3,0,0.00
"2013-07","Short Form Fire-Complaint",1,0,0.00
"2022-10","License",203,40,19.70
"2026-01","License Re-Inspection",19,5,26.32
"2013-06","Recent Inspection",3,0,0.00
"2026-04","Non-Inspection",64,0,0.00
"2012-01","Short Form Complaint",67,8,11.94
"2012-03","Short Form Fire-Complaint",5,2,40.00
"2011-05","Short Form Fire-Complaint",4,1,25.00
"2025-12","Short Form Complaint",41,6,14.63
"2023-01","Suspected Food Poisoning Re-inspection",2,1,50.00
"2010-07","error save",1,0,0.00
"2011-03","Non-Inspection",2,2,100.00
"2012-02","Canvass Re-Inspection",122,5,4.10
"2010-06","Complaint Re-Inspection",61,7,11.48
"2015-03","Suspected Food Poisoning Re-inspection",2,0,0.00
"2016-12","License Re-Inspection",53,4,7.55
"2026-06","Suspected Food Poisoning Re-inspection",1,0,0.00
"2020-11","Complaint Re-Inspection",41,7,17.07
"2017-12","Suspected Food Poisoning Re-inspection",1,0,0.00
"2011-03","Suspected Food Poisoning Re-inspection",4,1,25.00
"2013-04","License",224,78,34.82
"2013-12","Suspected Food Poisoning Re-inspection",1,0,0.00
"2013-04","Complaint Re-Inspection",46,1,2.17
"2020-07","License",189,50,26.46
"2013-12","Short Form Complaint",62,6,9.68
"2023-06","License Re-Inspection",61,7,11.48
"2018-07","Canvass",520,83,15.96
"2010-05","License",211,127,60.19
"2019-08","Canvass Re-Inspection",182,16,8.79
"2014-10","Recent Inspection",4,0,0.00
"2014-10","License Re-Inspection",73,5,6.85
"2013-10","Canvass Re-Inspection",167,5,2.99
"2019-08","Complaint",186,79,42.47
"2011-10","Suspected Food Poisoning Re-inspection",2,0,0.00
"2016-12","License",193,52,26.94
"2015-05","License Re-Inspection",64,1,1.56
"2012-08","Short Form Fire-Complaint",5,2,40.00
"2010-07","Canvass Re-Inspection",68,5,7.35
"2018-01","Canvass",812,162,19.95
"2012-11","Suspected Food Poisoning",7,1,14.29
"2026-08","Suspected Food Poisoning Re-inspection",1,0,0.00
"2018-02","License Re-Inspection",64,9,14.06
"2013-03","License Re-Inspection",77,10,12.99
"2010-09","Canvass",860,175,20.35
"2020-10","Short Form Complaint",48,8,16.67
"2014-10","License",237,84,35.44
"2022-11","Non-Inspection",97,0,0.00
"2010-08","Suspected Food Poisoning",19,3,15.79
"2024-05","License",252,46,18.25
"2022-09","Suspected Food Poisoning",1,0,0.00
"2013-06","Special Events (Festivals)",1,0,0.00
"2013-12","Complaint",105,19,18.10
"2010-01","Kids Cafe'",1,0,0.00
"2012-01","Consultation",2,0,0.00
"2024-11","Recent Inspection",2,0,0.00
"2022-05","Special Events (Festivals)",1,0,0.00
"2018-04","Canvass Re-Inspection",209,27,12.92
"2011-04","Suspected Food Poisoning",10,1,10.00
"2014-12","License",209,54,25.84
"2010-06","LICENSE",1,0,0.00
"2019-09","Complaint",98,49,50.00
"2025-04","Non-Inspection",92,0,0.00
"2025-06","License",209,46,22.01
"2015-07","Complaint",159,58,36.48
"2016-01","Complaint Re-Inspection",48,5,10.42
"2013-04","License-Task Force",1,0,0.00
"2021-04","Suspected Food Poisoning",3,1,33.33
"2015-06","License Re-Inspection",54,7,12.96
"2018-02","Recent Inspection",5,0,0.00
"2015-08","Canvass Re-Inspection",216,11,5.09
"2012-07","Consultation",7,2,28.57
"2018-09","Complaint",137,37,27.01
"2010-01","Suspected Food Poisoning",26,6,23.08
"2011-08","Task force liquor inspection 1474",1,0,0.00
"2020-04","Suspected Food Poisoning",1,0,0.00
"2015-09","Complaint",140,43,30.71
"2021-10","License Re-Inspection",69,3,4.35
"2022-04","Canvass",575,127,22.09
"2011-05","License",210,118,56.19
"2010-02","Suspected Food Poisoning",22,1,4.55
"2025-04","License Re-Inspection",45,5,11.11
"2025-05","License Re-Inspection",43,0,0.00
"2024-07","Canvass Re-Inspection",165,12,7.27
"2010-03","OUT OF BUSINESS",1,1,100.00
"2019-03","Suspected Food Poisoning Re-inspection",1,0,0.00
"2018-05","Complaint",200,63,31.50
"2011-05","Suspected Food Poisoning",10,4,40.00
"2014-10","Short Form Complaint",96,14,14.58
"2018-01","Suspected Food Poisoning Re-inspection",1,0,0.00
"2016-04","Consultation",3,1,33.33
"2026-04","License Re-Inspection",44,1,2.27
"2018-10","Suspected Food Poisoning",12,2,16.67
"2018-10","Complaint Re-Inspection",62,9,14.52
"2010-03","Canvass",591,81,13.71
"2012-07","License-Task Force",7,4,57.14
"2015-05","Consultation",4,0,0.00
"2017-01","License",175,33,18.86
"2016-07","License Re-Inspection",52,4,7.69
"2011-12","Package Liquor 1474",2,1,50.00
"2011-06","License",228,123,53.95
"2013-06","Consultation",2,0,0.00
"2010-01","Complaint",177,50,28.25
"2010-08","task force(1470) liquor tavern",1,1,100.00
"2023-05","Recent Inspection",3,1,33.33
"2016-12","Suspected Food Poisoning",16,6,37.50
"2017-06","Complaint Re-Inspection",69,5,7.25
"2024-11","Canvass",764,127,16.62
"2018-10","License Re-Inspection",75,5,6.67
"2020-02","Suspected Food Poisoning",3,0,0.00
"2012-11","Canvass",887,112,12.63
"2012-04","Consultation",8,1,12.50
"2012-01","Pre-License Consultation",1,0,0.00
"2011-10","Tag Removal",24,1,4.17
"2010-03","Special Events (Festivals)",2,0,0.00
"2020-09","Recent Inspection",3,1,33.33
"2010-04","Tag Removal",14,1,7.14
"2023-12","Canvass Re-Inspection",202,22,10.89
"2010-01","Suspected Food Poisoning Re-inspection",3,0,0.00
"2014-07","Complaint-Fire",1,0,0.00
"2011-06","Canvass Re-Inspection",145,6,4.14
"2018-01","Recent Inspection",4,0,0.00
"2016-06","Suspected Food Poisoning",5,1,20.00
"2023-12","License Re-Inspection",42,3,7.14
"2010-01","Complaint Re-Inspection",48,4,8.33
"2024-06","Complaint",93,36,38.71
"2023-10","ASSESSMENT",1,1,100.00
"2015-09","Suspected Food Poisoning",4,2,50.00
"2014-09","Short Form Complaint",65,14,21.54
"2012-06","Complaint-Fire Re-inspection",2,0,0.00
"2023-11","Complaint",115,34,29.57
"2016-01","Recent Inspection",3,1,33.33
"2017-08","Complaint Re-Inspection",96,12,12.50
"2014-06","License Re-Inspection",72,8,11.11
"2021-06","License",247,52,21.05
"2025-11","Complaint Re-Inspection",33,8,24.24
"2015-12","Canvass Re-Inspection",179,7,3.91
"2026-01","Complaint",55,19,34.55
"2014-04","Non-Inspection",1,1,100.00
"2015-05","Recent Inspection",1,0,0.00
"2026-08","Complaint Re-Inspection",33,10,30.30
"2023-11","Recent Inspection",1,1,100.00
"2011-07","Complaint-Fire",5,2,40.00
"2013-02","License-Task Force",1,1,100.00
"2017-07","License Re-Inspection",55,6,10.91
"2010-03","Package Liquor 1474",1,1,100.00
"2022-11","Canvass Re-Inspection",220,33,15.00
"2010-08","Complaint",172,52,30.23
"2010-12","Short Form Complaint",77,6,7.79
"2015-07","Canvass",842,144,17.10
"2011-11","Pre-License Consultation",1,1,100.00
"2012-06","Canvass Re-Inspection",156,15,9.62
"2025-12","Complaint Re-Inspection",69,14,20.29
"2013-03","Complaint-Fire",3,1,33.33
"2022-08","Canvass",716,195,27.23
"2018-09","Suspected Food Poisoning",9,1,11.11
"2012-12","Short Form Fire-Complaint",1,0,0.00
"2023-07","Suspected Food Poisoning",4,2,50.00
"2023-10","Canvass Re-Inspection",241,29,12.03
"2023-04","Complaint",133,40,30.08
"2020-03","Recent Inspection",3,0,0.00
"2013-01","Complaint",150,55,36.67
"2023-03","Complaint",175,53,30.29
"2012-03","OUT OF BUSINESS",1,0,0.00
"2015-05","Canvass",884,157,17.76
"2022-06","Canvass Re-Inspection",230,30,13.04
"2018-02","Complaint Re-Inspection",67,11,16.42
"2016-06","Recent Inspection",9,0,0.00
"2010-07","Task Force Liquor 1475",6,3,50.00
"2026-08","Short Form Complaint",17,4,23.53
"2011-10","license task 1474",1,0,0.00
"2019-08","Non-Inspection",1,0,0.00
"2019-09","Complaint Re-Inspection",83,14,16.87
"2021-03","Complaint Re-Inspection",36,3,8.33
"2010-05","Complaint",176,54,30.68
"2014-09","Suspected Food Poisoning Re-inspection",3,0,0.00
"2025-05","Non-Inspection",115,0,0.00
"2019-10","Complaint Re-Inspection",76,15,19.74
"2016-05","Recent Inspection",4,0,0.00
"2023-07","License",181,52,28.73
"2017-08","Recent inspection",1,0,0.00
"2010-07","Complaint",179,68,37.99
"2014-03","Short Form Complaint",38,1,2.63
"2011-01","Complaint Re-Inspection",49,2,4.08
"2011-05","License Re-Inspection",108,17,15.74
"2011-03","Package Liquor 1474",1,0,0.00
"2014-03","License",167,52,31.14
"2021-06","Recent Inspection",3,0,0.00
"2011-04","Package Liquor 1474",1,0,0.00
"2018-05","Suspected Food Poisoning",4,1,25.00
"2014-08","License",181,85,46.96
"2016-11","Recent Inspection",4,0,0.00
"2023-03","Non-Inspection",79,0,0.00
"2026-04","Suspected Food Poisoning",1,0,0.00
"2022-10","License Re-Inspection",60,5,8.33
"2010-10","LICENSE TASK FORCE / NOT -FOR-PROFIT CLUB",1,0,0.00
"2011-07","License Re-Inspection",105,17,16.19
"2021-07","License",235,53,22.55
"2024-11","Canvass Re-Inspection",184,17,9.24
"2013-05","Canvass Re-Inspection",191,5,2.62
"2025-10","Canvass",757,143,18.89
"2018-02","Canvass Re-Inspection",157,13,8.28
"2012-03","Suspected Food Poisoning Re-inspection",3,0,0.00
"2023-01","License Re-Inspection",27,2,7.41
"2025-10","License Re-Inspection",50,5,10.00
"2026-02","Not Ready",1,0,0.00
"2020-06","Canvass Re-Inspection",188,25,13.30
"2016-02","Consultation",1,0,0.00
"2021-10","Complaint",190,64,33.68
"2011-01","Task Force Liquor 1475",5,2,40.00
"2022-04","Complaint",162,72,44.44
"2023-09","Complaint",155,67,43.23
"2011-12","Complaint Re-Inspection",66,7,10.61
"2019-02","Short Form Complaint",16,3,18.75
"2011-11","Complaint-Fire Re-inspection",1,0,0.00
"2022-06","Suspected Food Poisoning",5,4,80.00
"2017-01","Complaint Re-Inspection",57,1,1.75
"2010-05","Out of Business",15,5,33.33
"2012-10","Complaint-Fire",2,0,0.00
"2011-08","Suspected Food Poisoning Re-inspection",3,0,0.00
"2019-01","Suspected Food Poisoning Re-inspection",1,0,0.00
"2021-11","Complaint Re-Inspection",73,12,16.44
"2020-05","License Re-Inspection",24,4,16.67
"2010-02","Out of Business",75,44,58.67
"2015-03","Canvass Re-Inspection",175,14,8.00
"2019-06","License Re-Inspection",64,4,6.25
"2024-03","Complaint Re-Inspection",55,7,12.73
"2019-10","Suspected Food Poisoning",2,0,0.00
"2018-08","Complaint Re-Inspection",82,8,9.76
"2019-12","Canvass",1030,117,11.36
"2024-03","Complaint",137,53,38.69
"2013-10","Canvass",1378,142,10.30
"2021-08","Suspected Food Poisoning",10,2,20.00
"2012-04","Short Form Complaint",66,11,16.67
"2012-01","OUT OF BUSINESS",2,0,0.00
"2011-08","Canvass",619,122,19.71
"2024-05","Recent Inspection",7,0,0.00
"2022-09","License Re-Inspection",51,7,13.73
"2012-03","Canvass",797,134,16.81
"2018-03","Canvass Re-Inspection",187,19,10.16
"2018-11","Short Form Complaint",60,12,20.00
"2019-11","Complaint",72,25,34.72
"2016-02","Canvass Re-Inspection",199,16,8.04
"2014-10","Canvass Re-Inspection",231,5,2.16
"2015-01","Complaint",202,66,32.67
"2017-10","Canvass Re-Inspection",234,15,6.41
"2022-11","Short Form Complaint",37,3,8.11
"2011-05","Complaint",127,43,33.86
"2023-01","Complaint Re-Inspection",60,6,10.00
"2014-10","Suspected Food Poisoning Re-inspection",1,0,0.00
"2010-10","Tag Removal",27,1,3.70
"2010-03","Complaint-Fire",9,4,44.44
"2016-02","Complaint Re-Inspection",74,7,9.46
"2022-08","Short Form Complaint",33,9,27.27
"2011-02","OUT OF BUSINESS",1,1,100.00
"2011-03","License-Task Force",35,25,71.43
"2015-07","Canvass Re-Inspection",186,9,4.84
"2025-05","Complaint",117,45,38.46
"2018-02","License",205,53,25.85
"2014-07","Complaint Re-Inspection",78,7,8.97
"2025-07","Canvass",790,149,18.86
"2022-12","Short Form Complaint",41,6,14.63
"2011-07","License-Task Force",20,16,80.00
"2012-09","Complaint-Fire",1,0,0.00
"2025-08","Canvass Re-Inspection",176,24,13.64
"2019-10","Complaint",121,52,42.98
"2025-11","Short Form Complaint",34,4,11.76
"2018-06","Canvass Re-Inspection",233,26,11.16
"2012-12","Complaint Re-Inspection",54,7,12.96
"2015-07","Suspected Food Poisoning",5,3,60.00
"2022-09","Recent Inspection",3,3,100.00
"2020-04","License Re-Inspection",15,0,0.00
"2013-10","License Re-Inspection",72,4,5.56
"2014-08","Canvass",1214,193,15.90
"2026-08","Non-Inspection",35,0,0.00
"2014-07","License",232,103,44.40
"2026-06","Canvass Re-Inspection",152,17,11.18
"2010-05","Suspected Food Poisoning",13,4,30.77
"2017-04","Short Form Complaint",41,2,4.88
"2016-07","Complaint",128,48,37.50
"2012-08","Consultation",6,1,16.67
"2010-10","TASKFORCE",1,1,100.00
"2026-05","Canvass",716,129,18.02
"2024-07","License Re-Inspection",50,3,6.00
"2014-07","Canvass",931,139,14.93
"2012-07","Complaint",193,69,35.75
"2014-01","Recent Inspection",1,0,0.00
"2023-04","Recent Inspection",4,0,0.00
"2021-06","Complaint",111,43,38.74
"2022-01","Canvass",490,90,18.37
"2026-03","Canvass",557,96,17.24
"2023-08","License Re-Inspection",52,4,7.69
"2011-10","Canvass Re-Inspection",121,7,5.79
"2012-11","License-Task Force",1,1,100.00
"2014-01","Canvass",810,109,13.46
"2012-12","License Re-Inspection",57,4,7.02
"2024-04","Complaint Re-Inspection",70,8,11.43
"2021-05","Non-Inspection",73,0,0.00
"2024-10","Canvass",1088,205,18.84
"2022-01","Suspected Food Poisoning",1,0,0.00
"2010-10","LICENSE TASK FORCE / NOT -FOR-PROFIT CLU",1,0,0.00
"2017-05","Canvass",1182,244,20.64
"2022-01","Non-Inspection",48,0,0.00
"2013-03","Canvass Re-Inspection",144,5,3.47
"2015-06","Consultation",1,0,0.00
"2022-08","Recent Inspection",4,1,25.00
"2014-12","Short Form Complaint",73,9,12.33
"2011-12","License",169,102,60.36
"2023-11","Suspected Food Poisoning",1,0,0.00
"2026-04","Recent Inspection",2,0,0.00
"2011-09","Suspected Food Poisoning Re-inspection",3,0,0.00
"2024-01","License",158,47,29.75
"2024-12","Canvass Re-Inspection",184,15,8.15
"2021-09","License Re-Inspection",59,5,8.47
"2020-12","Non-Inspection",75,0,0.00
"2011-06","Short Form Complaint",89,6,6.74
"2025-11","License",186,35,18.82
"2013-01","Suspected Food Poisoning",16,2,12.50
"2010-08","Short Form Fire-Complaint",4,1,25.00
"2015-11","Recent Inspection",3,0,0.00
"2010-05","License Re-Inspection",133,27,20.30
"2011-09","Short Form Fire-Complaint",2,0,0.00
"2012-12","Task Force Liquor 1475",2,0,0.00
"2013-01","Canvass Re-Inspection",134,6,4.48
"2014-07","Recent Inspection",1,0,0.00
"2017-01","Consultation",1,0,0.00
"2023-06","Canvass Re-Inspection",201,23,11.44
"2011-10","Suspected Food Poisoning",16,3,18.75
"2010-02","Tag Removal",6,2,33.33
"2011-10","Short Form Fire-Complaint",8,5,62.50
"2017-04","Canvass",861,170,19.74
"2023-09","Complaint Re-Inspection",85,10,11.76
"2016-10","Suspected Food Poisoning",3,2,66.67
"2014-02","Complaint Re-Inspection",47,4,8.51
"2011-03","Complaint Re-Inspection",55,5,9.09
"2016-11","License Re-Inspection",38,1,2.63
"2020-07","Short Form Complaint",50,1,2.00
"2012-10","License",229,73,31.88
"2014-11","License Re-Inspection",38,7,18.42
"2014-11","Short Form Complaint",62,18,29.03
"2011-07","Suspected Food Poisoning Re-inspection",2,1,50.00
"2025-05","Complaint Re-Inspection",44,7,15.91
"2026-06","Short Form Complaint",29,5,17.24
"2020-07","Canvass Re-Inspection",151,14,9.27
"2020-09","License Re-Inspection",49,4,8.16
"2021-12","License",203,37,18.23
"2020-02","Canvass",743,161,21.67
"2010-06","Suspected Food Poisoning Re-inspection",3,0,0.00
"2010-06","Complaint",165,46,27.88
"2014-11","License",194,74,38.14
"2024-04","Canvass Re-Inspection",260,31,11.92
"2011-09","Short Form Complaint",90,15,16.67
"2010-08","Canvass Re-Inspection",122,7,5.74
"2020-12","Recent Inspection",6,2,33.33
"2018-08","Short Form Complaint",40,6,15.00
"2013-05","Consultation",4,0,0.00
"2023-12","Suspected Food Poisoning Re-inspection",2,0,0.00
"2010-09","Complaint Re-Inspection",81,5,6.17
"2012-06","Suspected Food Poisoning Re-inspection",2,0,0.00
"2024-10","Complaint Re-Inspection",65,10,15.38
"2025-09","Suspected Food Poisoning Re-inspection",1,0,0.00
"2011-06","Package Liquor 1474",4,1,25.00
"2024-01","License Re-Inspection",34,4,11.76
"2024-07","Non-Inspection",114,0,0.00
"2018-11","Canvass",661,93,14.07
"2010-07","License Re-Inspection",163,39,23.93
"2021-09","Recent Inspection",2,0,0.00
"2015-08","Recent Inspection",4,0,0.00
"2022-04","License Re-Inspection",38,4,10.53
"2010-03","RE-INSPECTION OF CLOSE-UP",1,1,100.00
"2018-09","Short Form Complaint",39,12,30.77
"2016-01","License Re-Inspection",39,3,7.69
"2021-12","Not Ready",1,0,0.00
"2010-12","Consultation",22,4,18.18
"2015-03","Complaint",209,67,32.06
"2013-02","Suspected Food Poisoning Re-inspection",1,0,0.00
"2017-08","Suspected Food Poisoning",9,2,22.22
"2016-09","Consultation",2,0,0.00
"2013-07","Recent Inspection",1,0,0.00
"2012-07","Special Events (Festivals)",1,1,100.00
"2010-04","Package Liquor 1474",3,0,0.00
"2010-11","Complaint Re-Inspection",49,4,8.16
"2010-07","License-Task Force",20,14,70.00
"2024-09","Canvass",923,167,18.09
"2025-10","Short Form Complaint",50,7,14.00
"2012-11","Short Form Complaint",60,4,6.67
"2024-06","License Re-Inspection",48,4,8.33
"2015-09","Canvass Re-Inspection",207,9,4.35
"2010-05","Task Force Liquor 1475",5,1,20.00
"2020-03","Canvass Re-Inspection",189,20,10.58
"2018-09","Recent Inspection",7,0,0.00
"2015-03","Consultation",2,0,0.00
"2022-06","License",234,54,23.08
"2021-10","Suspected Food Poisoning",6,1,16.67
"2017-10","License",268,72,26.87
"2011-10","Canvass",673,138,20.51
"2010-06","License",244,152,62.30
"2013-11","Suspected Food Poisoning",1,1,100.00
"2026-08","Canvass Re-Inspection",31,3,9.68
"2015-02","Recent Inspection",3,0,0.00
"2012-04","Suspected Food Poisoning",8,3,37.50
"2012-08","Recent Inspection",1,0,0.00
"2010-06","TASTE OF CHICAGO",1,0,0.00
"2022-02","Complaint Re-Inspection",66,11,16.67
"2011-11","Package Liquor 1474",2,2,100.00
"2010-08","Non-Inspection",1,1,100.00
"2021-10","Recent Inspection",1,0,0.00
"2017-01","Short Form Complaint",3,0,0.00
"2013-12","License",211,70,33.18
"2025-02","Short Form Complaint",15,0,0.00
"2010-05","RECALL INSPECTION",1,1,100.00
"2024-03","Short Form Complaint",25,3,12.00
"2014-10","Canvass",1202,200,16.64
"2025-06","Special Events (Festivals)",1,0,0.00
"2014-02","Canvass",919,150,16.32
"2013-12","Recent Inspection",1,0,0.00
"2026-03","Non-Inspection",55,0,0.00
"2023-06","License",217,48,22.12
"2012-05","Short Form Complaint",89,12,13.48
"2016-03","Suspected Food Poisoning",4,0,0.00
"2022-09","Canvass",715,172,24.06
"2023-02","Suspected Food Poisoning Re-inspection",1,0,0.00
"2012-06","Short Form Fire-Complaint",4,3,75.00
"2016-10","Recent Inspection",6,1,16.67
"2019-07","Recent Inspection",7,0,0.00
"2015-04","Suspected Food Poisoning Re-inspection",1,0,0.00
"2012-01","Suspected Food Poisoning Re-inspection",3,0,0.00
"2022-08","Canvass Re-Inspection",244,23,9.43
"2011-09","Complaint-Fire Re-inspection",1,0,0.00
"2010-02","License",167,98,58.68
"2020-05","Canvass",711,157,22.08
"2026-03","License",217,40,18.43
"2012-04","Suspected Food Poisoning Re-inspection",2,0,0.00
"2019-06","Complaint Re-Inspection",60,14,23.33
"2018-12","Short Form Complaint",34,6,17.65
"2013-08","Short Form Fire-Complaint",2,0,0.00
"2019-06","License",232,60,25.86
"2011-01","Package Liquor 1474",1,1,100.00
"2010-09","Suspected Food Poisoning",11,3,27.27
"2012-07","License",240,97,40.42
"2010-09","Short Form Complaint",112,19,16.96
"2019-07","Complaint Re-Inspection",83,14,16.87
"2020-04","License",62,16,25.81
"2013-04","Complaint",137,37,27.01
"2020-05","License",88,14,15.91
"2019-04","Complaint",139,32,23.02
"2018-08","Canvass",656,118,17.99
"2010-03","License-Task Force",19,5,26.32
"2013-11","License Re-Inspection",53,5,9.43
"2022-04","Canvass Re-Inspection",166,21,12.65
"2010-03","Consultation",23,2,8.70
"2025-10","License",249,52,20.88
"2019-05","Canvass Re-Inspection",204,13,6.37
"2016-06","License",208,57,27.40
"2011-11","Short Form Fire-Complaint",3,0,0.00
"2026-07","Complaint Re-Inspection",84,16,19.05
"2012-05","Complaint-Fire Re-inspection",1,0,0.00
"2016-12","Suspected Food Poisoning Re-inspection",5,0,0.00
"2016-11","Short Form Complaint",70,11,15.71
"2012-06","Complaint",151,60,39.74
"2023-10","Recent Inspection",3,1,33.33
"2011-04","TASK FORCE NIGHT",1,1,100.00
"2014-03","Complaint",131,30,22.90
"2012-05","License-Task Force",3,2,66.67
"2024-12","License",163,28,17.18
"2018-07","Suspected Food Poisoning Re-inspection",2,0,0.00
"2023-06","Short Form Complaint",34,5,14.71
"2012-11","Complaint-Fire",3,0,0.00
"2018-07","License",244,59,24.18
"2018-02","Suspected Food Poisoning",1,0,0.00
"2016-03","License",229,59,25.76
"2016-03","Tag Removal",1,0,0.00
"2014-12","Canvass Re-Inspection",174,3,1.72
"2014-08","Suspected Food Poisoning",4,2,50.00
"2017-09","Recent Inspection",9,3,33.33
"2010-07","No Entry",1,0,0.00
"2010-12","License",175,105,60.00
"2019-09","License",217,54,24.88
"2025-02","Non-Inspection",75,0,0.00
"2019-05","Canvass",966,171,17.70
"2014-12","Complaint",87,26,29.89
"2012-01","License-Task Force",8,5,62.50
"2011-01","Recent Inspection",4,0,0.00
"2015-06","Suspected Food Poisoning Re-inspection",3,0,0.00
"2010-09","Short Form Fire-Complaint",3,1,33.33
"2026-05","Suspected Food Poisoning",1,0,0.00
"2022-06","Complaint",141,55,39.01
"2011-04","SFP/COMPLAINT",1,1,100.00
"2018-05","Short Form Complaint",32,5,15.63
"2011-11","Canvass",757,153,20.21
"2012-11","Canvass Re-Inspection",160,16,10.00
"2011-04","Recent Inspection",1,0,0.00
"2018-08","Recent Inspection",2,1,50.00
"2017-08","Canvass Re-Inspection",210,16,7.62
"2021-06","Short Form Complaint",22,6,27.27
"2012-12","Canvass Re-Inspection",104,4,3.85
"2017-11","Recent Inspection",3,0,0.00
"2011-05","Canvass Re-Inspection",134,4,2.99
"2011-04","no entry",2,2,100.00
"2011-02","Suspected Food Poisoning",8,2,25.00
"2010-04","Canvass Re-Inspection",73,5,6.85
"2024-01","Canvass Re-Inspection",144,21,14.58
"2023-05","Complaint Re-Inspection",67,11,16.42
"2015-10","License Re-Inspection",56,7,12.50
"2015-10","Suspected Food Poisoning",4,1,25.00
"2017-03","Short Form Complaint",35,0,0.00
"2012-02","Complaint-Fire Re-inspection",1,0,0.00
"2012-07","Canvass",657,92,14.00
"2014-03","Tag Removal",1,0,0.00
"2013-11","License",223,77,34.53
"2018-01","License Re-Inspection",52,4,7.69
"2021-10","License",219,68,31.05
"2012-03","Complaint",140,53,37.86
"2018-07","Complaint Re-Inspection",47,0,0.00
"2011-02","Complaint",115,23,20.00
"2010-07","TASK FORCE PACKAGE LIQUOR",1,1,100.00
"2010-05","No Entry",6,4,66.67
"2016-09","License",250,74,29.60
"2025-02","License",145,26,17.93
"2010-10","License Re-Inspection",151,27,17.88
"2025-03","Canvass Re-Inspection",213,23,10.80
"2023-01","Suspected Food Poisoning",1,1,100.00
"2023-05","Not Ready",2,0,0.00
"2015-09","Recent Inspection",4,0,0.00
"2014-01","License-Task Force",2,0,0.00
"2020-07","Complaint",109,42,38.53
"2012-06","License",235,77,32.77
"2015-01","Complaint Re-Inspection",51,4,7.84
"2023-01","License",150,34,22.67
"2024-06","Canvass",615,126,20.49
"2010-10","Package Liquor 1474",2,0,0.00
"2010-02","TASK FORCE LIQUOR 1474",1,0,0.00
"2012-08","Complaint",179,70,39.11
"2018-12","Complaint Re-Inspection",51,6,11.76
"2014-11","Suspected Food Poisoning",4,2,50.00
"2023-06","Complaint",205,71,34.63
"2025-04","Canvass",995,186,18.69
"2010-10","LICENSE REQUEST",8,0,0.00
"2018-05","Canvass Re-Inspection",196,33,16.84
"2012-04","Pre-License Consultation",1,1,100.00
"2022-02","Canvass",475,100,21.05
"2021-12","Canvass Re-Inspection",143,18,12.59
"2019-08","Short Form Complaint",67,13,19.40
"2010-12","License-Task Force",19,9,47.37
"2022-05","Short Form Complaint",22,2,9.09
"2022-12","Complaint Re-Inspection",50,9,18.00
"2014-12","License Re-Inspection",50,2,4.00
"2023-02","Suspected Food Poisoning",2,1,50.00
"2012-04","Canvass",722,131,18.14
"2010-09","LICENSE REQUEST",4,0,0.00
"2026-08","License Re-Inspection",14,0,0.00
"2015-08","Canvass",972,183,18.83
"2015-11","Complaint Re-Inspection",62,6,9.68
"2010-04","Consultation",10,1,10.00
"2011-10","Complaint Re-Inspection",82,7,8.54
"2011-07","Consultation",18,2,11.11
"2024-09","Canvass Re-Inspection",176,20,11.36
"2023-10","License Re-Inspection",54,8,14.81
"2015-05","License",234,57,24.36
"2015-12","License",258,58,22.48
"2023-03","License Re-Inspection",64,9,14.06
"2011-03","Tag Removal",30,1,3.33
"2011-04","Complaint-Fire Re-inspection",1,0,0.00
"2019-08","License Re-Inspection",52,7,13.46
"2013-05","Tag Removal",2,0,0.00
"2010-08","Complaint-Fire Re-inspection",3,1,33.33
"2025-01","Non-Inspection",79,0,0.00
"2022-06","Canvass",778,202,25.96
"2022-04","Recent Inspection",1,0,0.00
"2021-01","Complaint",111,38,34.23
"2019-04","Complaint Re-Inspection",53,8,15.09
"2022-08","Complaint",176,76,43.18
"2016-06","Short Form Complaint",56,4,7.14
"2011-03","Complaint",163,58,35.58
"2013-07","License Re-Inspection",83,10,12.05
"2015-09","License Re-Inspection",51,1,1.96
"2016-10","Canvass Re-Inspection",279,15,5.38
"2010-08","LICENSE DAYCARE 1586",1,0,0.00
"2010-08","Short Form Complaint",93,8,8.60
"2016-07","Suspected Food Poisoning",6,3,50.00
"2015-07","License Re-Inspection",62,5,8.06
"2012-03","License",175,71,40.57
"2011-12","Canvass Re-Inspection",133,8,6.02
"2011-02","Complaint-Fire",1,0,0.00
"2012-06","Complaint-Fire",5,2,40.00
"2014-05","Suspected Food Poisoning Re-inspection",2,0,0.00
"2023-09","License Re-Inspection",60,6,10.00
"2026-07","Short Form Complaint",42,5,11.90
"2013-12","Suspected Food Poisoning",3,0,0.00
"2010-03","Out of Business",60,14,23.33
"2016-10","Complaint Re-Inspection",64,9,14.06
"2016-03","Complaint Re-Inspection",85,8,9.41
"2025-01","License",212,39,18.40
"2016-07","Special Events (Festivals)",2,1,50.00
"2011-07","Canvass",553,110,19.89
"2024-02","Complaint Re-Inspection",62,8,12.90
"2022-10","Non-Inspection",106,0,0.00
"2013-11","Canvass",1085,95,8.76
"2017-03","Complaint",235,59,25.11
"2025-09","Complaint Re-Inspection",83,15,18.07
"2024-08","Recent Inspection",2,1,50.00
"2022-10","Canvass",749,174,23.23
"2012-08","Complaint Re-Inspection",104,8,7.69
"2014-07","Short Form Complaint",48,10,20.83
"2019-08","Suspected Food Poisoning Re-inspection",2,0,0.00
"2022-07","Complaint Re-Inspection",69,16,23.19
"2012-02","Complaint",179,45,25.14
"2023-12","Short Form Complaint",34,4,11.76
"2010-04","Complaint-Fire",4,1,25.00
"2018-05","Complaint Re-Inspection",75,8,10.67
"2016-05","Suspected Food Poisoning",4,1,25.00
"2021-10","Canvass Re-Inspection",133,15,11.28
"2011-10","Task Force for liquor 1474",1,1,100.00
"2024-04","License Re-Inspection",44,7,15.91
"2010-01","Consultation",27,3,11.11
"2013-06","Complaint-Fire",1,0,0.00
"2010-06","Complaint-Fire",3,1,33.33
"2011-11","Consultation",11,1,9.09
"2025-08","Suspected Food Poisoning Re-inspection",2,0,0.00
"2020-11","Canvass Re-Inspection",106,13,12.26
"2016-12","Canvass Re-Inspection",189,7,3.70
"2023-12","Complaint",81,26,32.10
"2011-11","Recent Inspection",2,0,0.00
"2024-12","Complaint Re-Inspection",55,7,12.73
"2010-01","SFP/COMPLAINT",1,0,0.00
"2012-03","License-Task Force",9,4,44.44
"2012-01","Complaint Re-Inspection",45,3,6.67
"2023-07","License Re-Inspection",51,3,5.88
"2019-04","Recent Inspection",5,0,0.00
"2021-09","Complaint Re-Inspection",70,5,7.14
"2015-02","Complaint",168,50,29.76
"2010-10","Short Form Fire-Complaint",1,0,0.00
"2017-01","Canvass Re-Inspection",197,14,7.11
"2011-03","Special Events (Festivals)",2,0,0.00
"2020-12","Complaint",67,15,22.39
"2026-05","License Re-Inspection",33,4,12.12
"2011-11","License",162,82,50.62
"2010-12","Pre-License Consultation",1,1,100.00
"2019-02","License",167,54,32.34
"2024-01","Non-Inspection",42,0,0.00
"2011-10","License-Task Force",22,12,54.55
"2017-12","Canvass Re-Inspection",151,8,5.30
"2011-10","License",202,116,57.43
"2019-06","Canvass",891,154,17.28
"2016-04","Short Form Complaint",44,2,4.55
"2014-02","Short Form Complaint",24,4,16.67
"2013-12","Canvass",824,88,10.68
"2017-01","License Re-Inspection",46,7,15.22
"2013-02","Complaint",152,48,31.58
"2019-05","License Re-Inspection",73,6,8.22
"2020-01","Suspected Food Poisoning",5,2,40.00
"2012-12","License",134,57,42.54
"2010-03","License",209,129,61.72
"2011-03","License",175,94,53.71
"2011-02","Canvass",753,86,11.42
"2012-04","Complaint Re-Inspection",60,3,5.00
"2025-07","License Re-Inspection",62,8,12.90
"2026-03","Canvass Re-Inspection",123,7,5.69
"2011-06","Complaint Re-Inspection",47,4,8.51
"2010-03","Tag Removal",10,2,20.00
"2019-02","Suspected Food Poisoning",5,1,20.00
"2020-02","Recent Inspection",1,0,0.00
"2010-07","LICENSE REQUEST",2,2,100.00
"2010-08","Complaint-Fire",10,5,50.00
"2016-08","Suspected Food Poisoning",4,1,25.00
"2010-10","Suspected Food Poisoning",17,2,11.76
"2020-08","License",142,32,22.54
"2019-08","Canvass",812,166,20.44
"2017-09","Canvass Re-Inspection",209,14,6.70
"2010-02","Recent Inspection",2,0,0.00
"2012-09","License-Task Force",1,1,100.00
"2019-09","License Re-Inspection",73,2,2.74
"2021-07","Suspected Food Poisoning",3,1,33.33
"2010-01","License-Task Force",7,5,71.43
"2023-04","Canvass",802,199,24.81
"2024-09","License",224,44,19.64
"2021-03","Complaint",101,33,32.67
"2010-10","Task Force Liquor 1475",10,5,50.00
"2022-09","Canvass Re-Inspection",224,38,16.96
"2025-02","Canvass Re-Inspection",203,18,8.87
"2011-02","License",132,89,67.42
"2012-04","License Re-Inspection",69,7,10.14
"2010-02","Special Events (Festivals)",1,0,0.00
"2014-05","Recent Inspection",1,0,0.00
"2010-11","Suspected Food Poisoning",13,2,15.38
"2021-06","Canvass",839,175,20.86
"2015-05","Suspected Food Poisoning Re-inspection",1,0,0.00
"2010-04","Recent Inspection",1,0,0.00
"2010-02","Suspected Food Poisoning Re-inspection",1,0,0.00
"2012-12","Short Form Complaint",73,14,19.18
"2013-09","Suspected Food Poisoning",1,1,100.00
"2011-04","Complaint Re-Inspection",46,3,6.52
"2010-09","Task Force Liquor 1475",8,2,25.00
"2011-12","Complaint-Fire Re-inspection",1,1,100.00
"2016-03","Canvass Re-Inspection",279,17,6.09
"2015-02","License",196,63,32.14
"2012-10","License-Task Force",1,0,0.00
"2011-09","Complaint Re-Inspection",90,12,13.33
"2021-09","Complaint",158,62,39.24
"2010-11","Complaint",115,33,28.70
"2018-01","Non-Inspection",2,0,0.00
"2012-05","License Re-Inspection",102,9,8.82
"2011-08","Short Form Complaint",113,22,19.47
"2015-12","Short Form Complaint",87,12,13.79
"2016-07","License",196,51,26.02
"2023-01","Short Form Complaint",3,0,0.00
"2012-06","Package Liquor 1474",1,0,0.00
"2026-05","Short Form Complaint",45,4,8.89
"2010-10","Canvass Re-Inspection",145,13,8.97
"2019-01","Complaint",112,34,30.36
"2019-12","Canvass Re-Inspection",175,20,11.43
"2016-07","Canvass",819,170,20.76
"2016-08","Recent Inspection",3,0,0.00
"2011-06","Pre-License Consultation",2,1,50.00
"2010-10","Short Form Complaint",108,8,7.41
"2016-04","License Re-Inspection",60,4,6.67
"2016-10","Canvass",1163,239,20.55
"2026-07","Complaint",169,65,38.46
"2023-10","Complaint Re-Inspection",96,12,12.50
"2021-08","Canvass",552,118,21.38
"2017-06","Recent Inspection",1,0,0.00
"2023-05","License Re-Inspection",70,9,12.86
"2011-06","Suspected Food Poisoning",8,1,12.50
"2026-04","Complaint",247,74,29.96
"2010-04","Suspected Food Poisoning Re-inspection",2,0,0.00
"2014-02","Recent Inspection",1,0,0.00
"2026-06","Complaint Re-Inspection",68,11,16.18
"2023-09","Short Form Complaint",34,3,8.82
"2021-07","Canvass",551,122,22.14
"2020-08","Short Form Complaint",53,7,13.21
"2017-03","License",252,58,23.02
"2023-04","License Re-Inspection",44,2,4.55
"2014-07","Suspected Food Poisoning Re-inspection",4,1,25.00
"2021-02","License",133,26,19.55
"2013-02","Complaint Re-Inspection",71,9,12.68
"2016-02","Canvass",744,172,23.12
"2013-06","Short Form Fire-Complaint",3,0,0.00
"2017-09","Complaint",151,62,41.06
"2014-09","Suspected Food Poisoning",7,3,42.86
"2021-09","Short Form Complaint",40,7,17.50
"2012-07","Short Form Complaint",76,13,17.11
"2013-02","License Re-Inspection",45,4,8.89
"2012-11","Tag Removal",1,0,0.00
"2014-09","Canvass Re-Inspection",242,13,5.37
"2012-10","Consultation",6,0,0.00
"2014-03","Consultation",9,1,11.11
"2012-06","Special Events (Festivals)",1,0,0.00
"2017-04","License",247,96,38.87
"2022-07","Short Form Complaint",34,4,11.76
"2026-08","Complaint",72,29,40.28
"2012-09","License Re-Inspection",75,16,21.33
"2013-01","License",186,53,28.49
"2018-11","Canvass Re-Inspection",125,12,9.60
"2011-07","Complaint",156,59,37.82
"2024-10","License",250,49,19.60
"2010-12","Canvass Re-Inspection",77,5,6.49
"2019-03","Complaint Re-Inspection",62,9,14.52
"2012-12","Tag Removal",1,1,100.00
"2011-08","License Re-Inspection",144,25,17.36
"2013-09","Short Form Fire-Complaint",2,0,0.00
"2023-02","Short Form Complaint",12,3,25.00
"2011-12","Pre-License Consultation",1,1,100.00
"2010-10","Recent Inspection",1,0,0.00
"2012-03","License Re-Inspection",69,7,10.14
"2018-01","License",198,63,31.82
"2023-03","Short Form Complaint",17,0,0.00
"2024-01","Complaint",166,56,33.73
"2012-10","Short Form Complaint",85,10,11.76
"2023-08","Suspected Food Poisoning Re-inspection",1,0,0.00
"2021-06","Complaint Re-Inspection",51,10,19.61
"2012-09","Complaint Re-Inspection",91,9,9.89
"2022-07","Complaint",131,44,33.59
"2011-08","Canvass Re-Inspection",125,9,7.20
"2012-04","Task Force Liquor 1475",2,1,50.00
"2012-05","Suspected Food Poisoning",13,1,7.69
"2018-02","Canvass",694,136,19.60
"2011-11","Complaint Re-Inspection",80,3,3.75
"2019-04","Short Form Complaint",24,2,8.33
"2016-05","Complaint",117,36,30.77
"2011-07","Complaint-Fire Re-inspection",3,0,0.00
"2017-01","Canvass",1050,205,19.52
"2021-01","Recent Inspection",4,0,0.00
"2023-09","Recent Inspection",2,0,0.00
"2022-01","Recent Inspection",3,0,0.00
"2024-01","Recent Inspection",2,0,0.00
"2012-01","Complaint-Fire",4,2,50.00
"2017-05","Canvass Re-Inspection",277,20,7.22
"2018-12","License",193,52,26.94
"2010-06","Tag Removal",32,0,0.00
"2020-03","Complaint",126,42,33.33
"2018-07","Recent Inspection",8,0,0.00
"2012-12","Canvass",727,69,9.49
"2011-07","Task Force Liquor 1475",13,8,61.54
"2010-06","License Re-Inspection",151,34,22.52
"2021-11","Complaint",123,43,34.96
"2018-01","Complaint",257,85,33.07
"2024-05","Canvass Re-Inspection",246,26,10.57
"2013-07","Complaint",129,42,32.56
"2010-11","CANVASS RE INSPECTION OF CLOSE UP",1,0,0.00
"2025-03","Non-Inspection",96,0,0.00
"2021-08","Recent Inspection",2,1,50.00
"2013-02","License",144,60,41.67
"2011-06","Suspected Food Poisoning Re-inspection",2,0,0.00
"2015-07","Consultation",8,0,0.00
"2025-01","Complaint Re-Inspection",41,4,9.76
"2013-09","Canvass",1279,167,13.06
"2017-04","Complaint",174,51,29.31
"2022-09","Complaint",142,56,39.44
"2010-12","Package Liquor 1474",1,1,100.00
"2012-03","Task Force Liquor 1475",3,3,100.00
"2020-04","Complaint Re-Inspection",36,1,2.78
"2025-09","Canvass",657,128,19.48
"2012-05","Complaint Re-Inspection",62,4,6.45
"2025-07","Suspected Food Poisoning",2,0,0.00
"2014-07","Canvass Re-Inspection",190,13,6.84
"2021-03","Non-Inspection",83,0,0.00
"2011-01","Consultation",10,3,30.00
"2010-07","Canvass",451,75,16.63
"2010-12","Complaint",117,33,28.21
"2014-05","Short Form Complaint",39,4,10.26
"2013-11","Recent Inspection",2,0,0.00
"2016-12","Consultation",1,0,0.00
"2019-06","Canvass Re-Inspection",185,15,8.11
"2017-04","Suspected Food Poisoning",4,1,25.00
"2019-07","Canvass",699,141,20.17
"2010-03","task force",2,0,0.00
"2013-05","Complaint Re-Inspection",56,2,3.57
"2017-12","Suspected Food Poisoning",3,1,33.33
"2010-02","Canvass Re-Inspection",90,3,3.33
"2026-06","Suspected Food Poisoning",3,1,33.33
"2016-09","Canvass",1372,243,17.71
"2024-10","License Re-Inspection",47,3,6.38
"2021-04","Canvass",688,169,24.56
"2011-12","Short Form Fire-Complaint",6,3,50.00
"2024-05","Complaint",108,30,27.78
"2010-09","NO ENTRY",2,2,100.00
"2015-07","Suspected Food Poisoning Re-inspection",4,0,0.00
"2011-12","Complaint",123,34,27.64
"2012-06","TWO PEOPLE ATE AND GOT SICK.",1,1,100.00
"2012-05","Pre-License Consultation",1,1,100.00
"2011-09","Suspected Food Poisoning",12,4,33.33
"2015-02","Suspected Food Poisoning",3,2,66.67
"2020-12","Complaint Re-Inspection",36,6,16.67
"2016-10","Suspected Food Poisoning Re-inspection",2,0,0.00
"2016-04","License",249,60,24.10
"2011-11","License-Task Force",46,32,69.57
"2015-04","Recent Inspection",7,0,0.00
"2017-07","Complaint Re-Inspection",56,7,12.50
"2017-08","Complaint",173,63,36.42
"2020-01","Recent Inspection",2,0,0.00
"2022-01","Canvass Re-Inspection",66,3,4.55
"2011-12","Suspected Food Poisoning",12,3,25.00
"2023-11","Canvass Re-Inspection",244,23,9.43
"2019-01","Complaint Re-Inspection",27,2,7.41
"2021-04","Complaint",92,34,36.96
"2017-01","Suspected Food Poisoning",6,2,33.33
"2018-10","Complaint",142,38,26.76
"2018-06","Short Form Complaint",38,2,5.26
"2024-10","Canvass Re-Inspection",226,18,7.96
"2012-09","Complaint-Fire Re-inspection",2,0,0.00
"2018-07","Suspected Food Poisoning",6,3,50.00
"2020-03","Suspected Food Poisoning Re-inspection",1,0,0.00
"2010-07","OUT OF BUSINESS",4,0,0.00
"2013-11","Complaint",84,27,32.14
"2022-07","Canvass",648,149,22.99
"2015-07","License",236,60,25.42
"2022-01","License Re-Inspection",35,2,5.71
"2025-09","License Re-Inspection",47,3,6.38
"2015-10","Canvass",1211,217,17.92
"2019-11","Recent Inspection",4,0,0.00
"2017-09","License Re-Inspection",78,7,8.97
"2010-08","Special Events (Festivals)",4,1,25.00
"2013-03","Complaint",127,40,31.50
"2011-06","Complaint-Fire",4,2,50.00
"2011-10","Recent Inspection",1,0,0.00
"2023-12","Complaint Re-Inspection",43,7,16.28
"2014-08","Short Form Fire-Complaint",1,0,0.00
"2016-08","Short Form Complaint",94,14,14.89
"2026-07","Suspected Food Poisoning",6,0,0.00
"2015-05","Suspected Food Poisoning",2,0,0.00
"2026-01","Complaint Re-Inspection",20,4,20.00
"2015-10","Consultation",3,0,0.00
"2023-09","License",233,48,20.60
